Workbook

Sheet M2-5
E1: Room 2114 | J1: | | O1: Room 2122 | T1: | | Y1: Room 2115 | AD1: | | AI1: Room 2123
A2: Pot | B2: # oat | C2: avg length (mm) | D2: avg weight (mg) | E2: tot weight (g) | F2: # tom | G2: avg length (mm) | H2: avg weight (mg) | I2: tot weight (g) | K2: Pot | L2: # oat | M2: avg length (mm) | N2: avg weight (mg) | O2: tot weight (g) | P2: # tom | Q2: avg length (mm) | R2: avg weight (mg) | S2: tot weight (g) | U2: Pot | V2: # oat | W2: avg length (mm) | X2: avg weight (mg) | Y2: tot weight (g) | Z2: # tom | AA2: avg length (mm) | AB2: avg weight (mg) | AC2: tot weight (g) | AE2: Pot | AF2: # oat | AG2: avg length (mm) | AH2: avg weight (mg) | AI2: tot weight (g) | AJ2: # tom | AK2: avg length (mm) | AL2: avg weight (mg) | AM2: tot weight (g)
A3: ------/30 tom | F3: 30 | G3: 39.43 | H3: 43.66 | I3: 1.31 | K3: ------/30 tom | P3: 21 | Q3: 104.67 | R3: 722.38 | S3: 15.17 | U3: ------/30 tom | Z3: 24 | AA3: 60.8 | AB3: 130 | AC3: 3.12 | AE3: ------/30 tom | AJ3: 23 | AK3: 49.7 | AL3: 123.9 | AM3: 2.85
A4: 10 oat/20 tom | B4: 10 | C4: 182.3 | D4: 180 | E4: 1.8 | F4: 12 | G4: 41.16 | H4: 90.83 | I4: 1.09 | K4: 10 oat/20 tom | L4: 11 | M4: 306.36 | N4: 1038.18 | O4: 11.42 | P4: 12 | Q4: 65.83 | R4: 124.17 | S4: 1.49 | U4: 10 oat/20 tom | V4: 10 | W4: 272.3 | X4: 567 | Y4: 5.67 | Z4: 19 | AA4: 53.8 | AB4: 78.9 | AC4: 1.5 | AE4: 10 oat/20 tom | AF4: 10 | AG4: 253.8 | AH4: 729 | AI4: 7.29 | AJ4: 18 | AK4: 51.27 | AL4: 80.55 | AM4: 1.45
A5: 20 oat/10 tom | B5: 20 | C5: 156.6 | D5: 172.5 | E5: 3.45 | F5: 10 | G5: 45.2 | H5: 46 | I5: 0.46 | K5: 20 oat/10 tom | L5: 20 | M5: 296 | N5: 976 | O5: 19.52 | P5: 1 | Q5: 74 | R5: 170 | S5: 0.17 | U5: 20 oat/10 tom | V5: 18 | W5: 249 | X5: 476 | Y5: 8.57 | Z5: 6 | AA5: 40 | AB5: 50 | AC5: 0.3 | AE5: 20 oat/10 tom | AF5: 17 | AG5: 227.6 | AH5: 461.8 | AI5: 7.85 | AJ5: 10 | AK5: 46.5 | AL5: 67 | AM5: 0.67
A6: 30 oat/------ | B6: 40 | C6: 166.88 | D6: 195.25 | E6: 7.81 | K6: 30 oat/------ | L6: 27 | M6: 251.74 | N6: 741.11 | O6: 20.01 | U6: 30 oat/------ | V6: 30 | W6: 234.2 | X6: 139 | Y6: 4.17 | AE6: 30 oat/------ | AF6: 27 | AG6: 238.4 | AH6: 498.9 | AI6: 13.47
A8: Pot | B8: # oat | C8: avg length (mm) | D8: avg weight (mg) | E8: tot weight (g) | F8: # alf | G8: avg length (mm) | H8: avg weight (mg) | I8: tot weight (g) | K8: Pot | L8: # oat | M8: avg length (mm) | N8: avg weight (mg) | O8: tot weight (g) | P8: # alf | Q8: avg length (mm) | R8: avg weight (mg) | S8: tot weight (g) | U8: Pot | V8: # oat | W8: avg length (mm) | X8: avg weight (mg) | Y8: tot weight (g) | Z8: # alf | AA8: avg length (mm) | AB8: avg weight (mg) | AC8: tot weight (g) | AE8: Pot | AF8: # oat | AG8: avg length (mm) | AH8: avg weight (mg) | AI8: tot weight (g) | AJ8: # alf | AK8: avg length (mm) | AL8: avg weight (mg) | AM8: tot weight (g)
A9: ------/30 alf | F9: 44 | G9: 54.17 | H9: 172 | I9: 7.57 | K9: ------/30 alf | P9: 5 | Q9: 58.6 | R9: 164 | S9: 0.82 | U9: ------/30 alf | Z9: 17 | AA9: 63 | AB9: 139 | AC9: 2.37 | AE9: ------/30 alf | AJ9: 12 | AK9: 54.6 | AL9: 99.16 | AM9: 1.19
A10: 10 oat/20 alf | B10: 10 | C10: 178.1 | D10: 176 | E10: 1.76 | F10: 35 | G10: 53.09 | H10: 176 | I10: 4.61 | K10: 10 oat/20 alf | L10: 9 | M10: 313.33 | N10: 1020 | O10: 9.18 | P10: 9 | Q10: 58.33 | R10: 75.56 | S10: 0.68 | U10: 10 oat/20 alf | V10: 9 | W10: 339.56 | X10: 855.6 | Y10: 7.7 | Z10: 11 | AA10: 50.09 | AB10: 93.6 | AC10: 1.03 | AE10: 10 oat/20 alf | AF10: 9 | AG10: 249.4 | AH10: 680 | AI10: 6.12 | AJ10: 10 | AK10: 56.2 | AL10: 126 | AM10: 1.26
A11: 20 oat/10 alf | B11: 20 | C11: 171.7 | D11: 169.5 | E11: 3.39 | F11: 16 | G11: 42.125 | H11: 71.25 | I11: 1.14 | K11: 20 oat/10 alf | L11: 19 | M11: 280.6 | N11: 940 | O11: 17.88 | P11: 6 | Q11: 30.16 | R11: 46 | S11: 0.28 | U11: 20 oat/10 alf | V11: 20 | W11: 244.15 | X11: 473.5 | Y11: 9.47 | Z11: 9 | AA11: 47.78 | AB11: 93.34 | AC11: 0.84 | AE11: 20 oat/10 alf | AF11: 20 | AG11: 212.8 | AH11: 350 | AI11: 7 | AJ11: 7 | AK11: 30.43 | AL11: 64.29 | AM11: 0.45
A12: 30 oat/------ | B12: 40 | C12: 166.88 | D12: 195.25 | E12: 7.81 | K12: 30 oat/------ | L12: 27 | M12: 251.74 | N12: 741.11 | O12: 20.01 | U12: 30 oat/------ | V12: 30 | W12: 234.2 | X12: 139 | Y12: 4.17 | AE12: 30 oat/------ | AF12: 27 | AG12: 238.4 | AH12: 498.9 | AI12: 13.47
A14: Pot | B14: # tom | C14: avg length (mm) | D14: avg weight (mg) | E14: tot weight (g) | F14: # alf | G14: avg length (mm) | H14: avg weight (mg) | I14: tot weight (g) | K14: Pot | L14: # tom | M14: avg length (mm) | N14: avg weight (mg) | O14: tot weight (g) | P14: # alf | Q14: avg length (mm) | R14: avg weight (mg) | S14: tot weight (g) | U14: Pot | V14: # tom | W14: avg length (mm) | X14: avg weight (mg) | Y14: tot weight (g) | Z14: # alf | AA14: avg length (mm) | AB14: avg weight (mg) | AC14: tot weight (g) | AE14: Pot | AF14: # tom | AG14: avg length (mm) | AH14: avg weight (mg) | AI14: tot weight (g) | AJ14: # alf | AK14: avg length (mm) | AL14: avg weight (mg) | AM14: tot weight (g)
A15: ------ /30 alf | F15: 44 | G15: 54.17 | H15: 172 | I15: 7.57 | K15: ------ /30 alf | P15: 5 | Q15: 58.6 | R15: 164 | S15: 0.82 | U15: ------ /30 alf | Z15: 17 | AA15: 63 | AB15: 139 | AC15: 2.37 | AE15: ------ /30 alf | AJ15: 12 | AK15: 54.6 | AL15: 99.16 | AM15: 1.19
A16: 10 tom /20 alf | B16: 14 | C16: 29.5 | D16: 34.28 | E16: 0.48 | F16: 12 | G16: 59.17 | H16: 171.67 | I16: 2.06 | K16: 10 tom /20 alf | L16: 7 | M16: 119.28 | N16: 1224.3 | O16: 8.57 | P16: 9 | Q16: 50.88 | R16: 128.88 | S16: 1.16 | U16: 10 tom /20 alf | V16: 8 | W16: 80 | X16: 230 | Y16: 1.84 | Z16: 15 | AA16: 63.46 | AB16: 146.7 | AC16: 2.2 | AE16: 10 tom /20 alf | AF16: 4 | AG16: 40.25 | AH16: 40 | AI16: 0.16 | AJ16: 10 | AK16: 49.2 | AL16: 104 | AM16: 1.04
A17: 20 tom /10 alf | B17: 40 | C17: 39.95 | D17: 56.5 | E17: 2.26 | F17: 10 | G17: 58.8 | H17: 121 | I17: 1.21 | K17: 20 tom /10 alf | L17: 8 | M17: 136.63 | N17: 1051.3 | O17: 8.41 | P17: 7 | Q17: 45.57 | R17: 92.86 | S17: 0.65 | U17: 20 tom /10 alf | V17: 14 | W17: 57 | X17: 131.4 | Y17: 1.84 | Z17: 7 | AA17: 104 | AB17: 238.6 | AC17: 1.67 | AE17: 20 tom /10 alf | AF17: 10 | AG17: 47.3 | AH17: 78 | AI17: 0.78 | AJ17: 3 | AK17: 55 | AL17: 103.3 | AM17: 0.31
A18: 30 tom /------ | B18: 30 | C18: 39.43 | D18: 43.66 | E18: 1.31 | K18: 30 tom /------ | L18: 21 | M18: 104.67 | N18: 722.38 | O18: 15.17 | U18: 30 tom /------ | V18: 24 | W18: 60.8 | X18: 130 | Y18: 3.12 | AE18: 30 tom /------ | AF18: 23 | AG18: 49.7 | AH18: 123.9 | AI18: 2.85
A20: note- data for each monoculture pot must be entered in two places above

Sheet M7-10
E1: Room 2114 | J1: | | O1: Room 2122 | T1: | | Y1: Room 2115 | AD1: | | AI1: Room 2123
A2: Pot | B2: # oat | C2: avg length (mm) | D2: avg weight (mg) | E2: tot weight (g) | F2: # tom | G2: avg length (mm) | H2: avg weight (mg) | I2: tot weight (g) | K2: Pot | L2: # oat | M2: avg length (mm) | N2: avg weight (mg) | O2: tot weight (g) | P2: # tom | Q2: avg length (mm) | R2: avg weight (mg) | S2: tot weight (g) | U2: Pot | V2: # oat | W2: avg length (mm) | X2: avg weight (mg) | Y2: tot weight (g) | Z2: # tom | AA2: avg length (mm) | AB2: avg weight (mg) | AC2: tot weight (g) | AE2: Pot | AF2: # oat | AG2: avg length (mm) | AH2: avg weight (mg) | AI2: tot weight (g) | AJ2: # tom | AK2: avg length (mm) | AL2: avg weight (mg) | AM2: tot weight (g)
A3: ------/30 tom | F3: 40 | G3: 42.75 | H3: 54.75 | I3: 2.19 | K3: ------/30 tom | P3: 40 | Q3: 59.2 | R3: 267.75 | S3: 10.71 | U3: ------/30 tom | Z3: 30 | AA3: 89.47 | AB3: 109 | AC3: 3.27 | AE3: ------/30 tom | AJ3: 25 | AK3: 61.32 | AL3: 135.6 | AM3: 3.39
A4: 10 oat/20 tom | B4: 15 | C4: 177.13 | D4: 202 | E4: 3.03 | F4: 26 | G4: 40.88 | H4: 65.38 | I4: 1.7 | K4: 10 oat/20 tom | L4: 10 | M4: 178.5 | N4: 186 | O4: 1.86 | P4: 20 | Q4: 58.45 | R4: 138.5 | S4: 2.77 | U4: 10 oat/20 tom | V4: 10 | W4: 237.1 | X4: 625 | Y4: 6.25 | Z4: 20 | AA4: 64.8 | AB4: 59.5 | AC4: 1.19 | AE4: 10 oat/20 tom | AF4: 10 | AG4: 266.1 | AH4: 614 | AI4: 6.14 | AJ4: 14 | AK4: 58.28 | AL4: 102.86 | AM4: 1.44
A5: 20 oat/10 tom | B5: 16 | C5: 160 | D5: 184.375 | E5: 2.95 | F5: 16 | G5: 33.25 | H5: 39.375 | I5: 0.63 | K5: 20 oat/10 tom | L5: 34 | M5: 196.4 | N5: 204.41 | O5: 6.95 | P5: 39 | Q5: 40.66 | R5: 38.97 | S5: 1.52 | U5: 20 oat/10 tom | V5: 20 | W5: 225.7 | X5: 474 | Y5: 9.48 | Z5: 10 | AA5: 59.4 | AB5: 69 | AC5: 0.69 | AE5: 20 oat/10 tom | AF5: 19 | AG5: 246.95 | AH5: 507.89 | AI5: 9.65 | AJ5: 8 | AK5: 51 | AL5: 65 | AM5: 0.52
A6: 30 oat/------ | B6: 40 | C6: 180.74 | D6: 197.25 | E6: 7.89 | K6: 30 oat/------ | L6: 40 | M6: 186.775 | N6: 206.5 | O6: 8.26 | U6: 30 oat/------ | V6: 40 | W6: 225.3 | X6: 225 | Y6: 9 | AE6: 30 oat/------ | AF6: 30 | AG6: 216.56 | AH6: 425 | AI6: 12.75
A8: Pot | B8: # oat | C8: avg length (mm) | D8: avg weight (mg) | E8: tot weight (g) | F8: # alf | G8: avg length (mm) | H8: avg weight (mg) | I8: tot weight (g) | K8: Pot | L8: # oat | M8: avg length (mm) | N8: avg weight (mg) | O8: tot weight (g) | P8: # alf | Q8: avg length (mm) | R8: avg weight (mg) | S8: tot weight (g) | U8: Pot | V8: # oat | W8: avg length (mm) | X8: avg weight (mg) | Y8: tot weight (g) | Z8: # alf | AA8: avg length (mm) | AB8: avg weight (mg) | AC8: tot weight (g) | AE8: Pot | AF8: # oat | AG8: avg length (mm) | AH8: avg weight (mg) | AI8: tot weight (g) | AJ8: # alf | AK8: avg length (mm) | AL8: avg weight (mg) | AM8: tot weight (g)
A9: ------/30 alf | F9: 31 | G9: 55.51 | H9: 110.32 | I9: 3.42 | K9: ------/30 alf | P9: 39 | Q9: 54.43 | R9: 116.15 | S9: 4.53 | U9: ------/30 alf | Z9: 2 | AA9: 127.5 | AB9: 380 | AC9: 0.76 | AE9: ------/30 alf | AJ9: 19 | AK9: 81.32 | AL9: 160 | AM9: 3.04
A10: 10 oat/20 alf | B10: 32 | C10: 151.25 | D10: 72.906 | E10: 2.33 | F10: 40 | G10: 47.125 | H10: 86.75 | I10: 3.47 | K10: 10 oat/20 alf | L10: 10 | M10: 182.2 | N10: 280 | O10: 2.8 | P10: 13 | Q10: 5.29 | R10: 173.84 | S10: 2.26 | U10: 10 oat/20 alf | V10: 19 | W10: 192.05 | X10: 255.79 | Y10: 4.86 | Z10: 40 | AA10: 38.03 | AB10: 74.5 | AC10: 2.98 | AE10: 10 oat/20 alf | AF10: 9 | AG10: 335 | AH10: 838.89 | AI10: 7.55 | AJ10: 13 | AK10: 54.85 | AL10: 122.31 | AM10: 1.59
A11: 20 oat/10 alf | B11: 18 | C11: 169.27 | D11: 184.4 | E11: 3.32 | F11: 10 | G11: 59.5 | H11: 136 | I11: 1.36 | K11: 20 oat/10 alf | L11: 25 | M11: 177 | N11: 195.6 | O11: 4.89 | P11: 10 | Q11: 34 | R11: 60 | S11: 0.6 | U11: 20 oat/10 alf | V11: 20 | W11: 221.75 | X11: 322.5 | Y11: 6.45 | Z11: 8 | AA11: 37.75 | AB11: 38.75 | AC11: 0.31 | AE11: 20 oat/10 alf | AF11: 18 | AG11: 273.16 | AH11: 490.56 | AI11: 8.83 | AJ11: 7 | AK11: 25.23 | AL11: 30 | AM11: 0.21
A12: 30 oat/------ | B12: 40 | C12: 180.74 | D12: 197.25 | E12: 7.89 | K12: 30 oat/------ | L12: 40 | M12: 186.775 | N12: 206.5 | O12: 8.26 | U12: 30 oat/------ | V12: 40 | W12: 225.3 | X12: 225 | Y12: 9 | AE12: 30 oat/------ | AF12: 30 | AG12: 216.56 | AH12: 425 | AI12: 12.75
A14: Pot | B14: # tom | C14: avg length (mm) | D14: avg weight (mg) | E14: tot weight (g) | F14: # alf | G14: avg length (mm) | H14: avg weight (mg) | I14: tot weight (g) | K14: Pot | L14: # tom | M14: avg length (mm) | N14: avg weight (mg) | O14: tot weight (g) | P14: # alf | Q14: avg length (mm) | R14: avg weight (mg) | S14: tot weight (g) | U14: Pot | V14: # tom | W14: avg length (mm) | X14: avg weight (mg) | Y14: tot weight (g) | Z14: # alf | AA14: avg length (mm) | AB14: avg weight (mg) | AC14: tot weight (g) | AE14: Pot | AF14: # tom | AG14: avg length (mm) | AH14: avg weight (mg) | AI14: tot weight (g) | AJ14: # alf | AK14: avg length (mm) | AL14: avg weight (mg) | AM14: tot weight (g)
A15: ------ /30 alf | F15: 31 | G15: 55.51 | H15: 110.32 | I15: 3.42 | K15: ------ /30 alf | P15: 39 | Q15: 54.43 | R15: 116.15 | S15: 4.53 | U15: ------ /30 alf | Z15: 2 | AA15: 127.5 | AB15: 380 | AC15: 0.76 | AE15: ------ /30 alf | AJ15: 19 | AK15: 81.32 | AL15: 160 | AM15: 3.04
A16: 10 tom /20 alf | B16: 10 | C16: 27.4 | D16: 31 | E16: 0.31 | F16: 20 | G16: 42.35 | H16: 121 | I16: 2.42 | K16: 10 tom /20 alf | L16: 10 | M16: 42.2 | N16: 55 | O16: 0.55 | P16: 18 | Q16: 52.66 | R16: 149.44 | S16: 2.69 | U16: 10 tom /20 alf | V16: 10 | W16: 47.7 | X16: 88 | Y16: 0.88 | Z16: 20 | AA16: 44.95 | AB16: 92 | AC16: 1.84 | AE16: 10 tom /20 alf | AF16: 9 | AG16: 61.74 | AH16: 118.8 | AI16: 1.07 | AJ16: 11 | AK16: 95.36 | AL16: 230.9 | AM16: 2.54
A17: 20 tom /10 alf | B17: 37 | C17: 36.97 | D17: 36.22 | E17: 1.34 | F17: 19 | G17: 34.84 | H17: 48.95 | I17: 0.93 | K17: 20 tom /10 alf | L17: 27 | M17: 3.81 | N17: 51.85 | O17: 1.4 | P17: 14 | Q17: 4.51 | R17: 113.57 | S17: 1.59 | U17: 20 tom /10 alf | V17: 20 | W17: 56.05 | X17: 88.5 | Y17: 1.77 | Z17: 10 | AA17: 31.7 | AB17: 95.4 | AC17: 0.95 | AE17: 20 tom /10 alf | AF17: 13 | AG17: 61.84 | AH17: 130.77 | AI17: 1.7 | AJ17: 9 | AK17: 76.67 | AL17: 192.2 | AM17: 1.73
A18: 30 tom /------ | B18: 40 | C18: 42.75 | D18: 54.75 | E18: 2.19 | K18: 30 tom /------ | L18: 40 | M18: 59.2 | N18: 267.75 | O18: 10.71 | U18: 30 tom /------ | V18: 30 | W18: 89.47 | X18: 109 | Y18: 3.27 | AE18: 30 tom /------ | AF18: 25 | AG18: 61.32 | AH18: 135.6 | AI18: 3.39
A20: note- data for each monoculture pot must be entered in two places above

Sheet T9-12
E1: Room 2114 | J1: | | O1: Room 2122 | T1: | | Y1: Room 2115 | AD1: | | AI1: Room 2123
A2: Pot | B2: # oat | C2: avg length (mm) | D2: avg weight (mg) | E2: tot weight (g) | F2: # tom | G2: avg length (mm) | H2: avg weight (mg) | I2: tot weight (g) | K2: Pot | L2: # oat | M2: avg length (mm) | N2: avg weight (mg) | O2: tot weight (g) | P2: # tom | Q2: avg length (mm) | R2: avg weight (mg) | S2: tot weight (g) | U2: Pot | V2: # oat | W2: avg length (mm) | X2: avg weight (mg) | Y2: tot weight (g) | Z2: # tom | AA2: avg length (mm) | AB2: avg weight (mg) | AC2: tot weight (g) | AE2: Pot | AF2: # oat | AG2: avg length (mm) | AH2: avg weight (mg) | AI2: tot weight (g) | AJ2: # tom | AK2: avg length (mm) | AL2: avg weight (mg) | AM2: tot weight (g)
A3: ------/30 tom | F3: 13 | G3: 26.3846 | H3: 42.3 | I3: 0.55 | K3: ------/30 tom | P3: 23 | Q3: 45.08 | R3: 61.74 | S3: 1.42 | U3: ------/30 tom | Z3: 21 | AA3: 56.7 | AB3: 102.9 | AC3: 2.16 | AE3: ------/30 tom | AJ3: 26 | AK3: 63.73 | AL3: 118.08 | AM3: 3.07
A4: 10 oat/20 tom | B4: 10 | C4: 164.3 | D4: 202 | E4: 2.02 | F4: 11 | G4: 15.05 | H4: 20.9 | I4: 0.23 | K4: 10 oat/20 tom | L4: 9 | M4: 142.22 | N4: 150 | O4: 1.35 | P4: 13 | Q4: 32.31 | R4: 40 | S4: 0.52 | U4: 10 oat/20 tom | V4: 9 | W4: 263.8 | X4: 735.555 | Y4: 6.62 | Z4: 14 | AA4: 46.6 | AB4: 101.4 | AC4: 1.42 | AE4: 10 oat/20 tom | AF4: 10 | AG4: 235.5 | AH4: 480 | AI4: 4.8 | AJ4: 11 | AK4: 44.27 | AL4: 57.27 | AM4: 0.63
A5: 20 oat/10 tom | B5: 20 | C5: 158.4 | D5: 207.5 | E5: 4.15 | F5: 6 | G5: 25 | H5: 30 | I5: 0.18 | K5: 20 oat/10 tom | L5: 20 | M5: 161.45 | N5: 162 | O5: 3.24 | P5: 12 | Q5: 41.58 | R5: 40 | S5: 0.48 | U5: 20 oat/10 tom | V5: 20 | W5: 218 | X5: 414 | Y5: 8.28 | Z5: 7 | AA5: 40.9 | AB5: 71.4 | AC5: 0.5 | AE5: 20 oat/10 tom | AF5: 20 | AG5: 244.5 | AH5: 439.5 | AI5: 8.79 | AJ5: 7 | AK5: 38.7 | AL5: 57.1 | AM5: 0.4
A6: 30 oat/------ | B6: 29 | C6: 167.96 | D6: 158.8 | E6: 5.39 | K6: 30 oat/------ | L6: 29 | M6: 176.38 | N6: 173.45 | O6: 5.03 | U6: 30 oat/------ | V6: 28 | W6: 216.7 | X6: 358.2 | Y6: 10.03 | AE6: 30 oat/------ | AF6: 30 | AG6: 239.33 | AH6: 412.33 | AI6: 12.37
A8: Pot | B8: # oat | C8: avg length (mm) | D8: avg weight (mg) | E8: tot weight (g) | F8: # alf | G8: avg length (mm) | H8: avg weight (mg) | I8: tot weight (g) | K8: Pot | L8: # oat | M8: avg length (mm) | N8: avg weight (mg) | O8: tot weight (g) | P8: # alf | Q8: avg length (mm) | R8: avg weight (mg) | S8: tot weight (g) | U8: Pot | V8: # oat | W8: avg length (mm) | X8: avg weight (mg) | Y8: tot weight (g) | Z8: # alf | AA8: avg length (mm) | AB8: avg weight (mg) | AC8: tot weight (g) | AE8: Pot | AF8: # oat | AG8: avg length (mm) | AH8: avg weight (mg) | AI8: tot weight (g) | AJ8: # alf | AK8: avg length (mm) | AL8: avg weight (mg) | AM8: tot weight (g)
A9: ------/30 alf | F9: 20 | G9: 44.35 | H9: 95 | I9: 1.9 | K9: ------/30 alf | P9: 16 | Q9: 53.56 | R9: 156.25 | S9: 2.5 | U9: ------/30 alf | Z9: 19 | AA9: 50.95 | AB9: 127.9 | AC9: 2.4 | AE9: ------/30 alf | AJ9: 18 | AK9: 66.8 | AL9: 117.78 | AM9: 2.12
A10: 10 oat/20 alf | B10: 11 | C10: 173.73 | D10: 218 | E10: 2.4 | F10: 18 | G10: 48 | H10: 96 | I10: 1.34 | K10: 10 oat/20 alf | L10: 10 | M10: 182.9 | N10: 192 | O10: 1.92 | P10: 14 | Q10: 48.57 | R10: 92.86 | S10: 1.3 | U10: 10 oat/20 alf | V10: 9 | W10: 232.6 | X10: 488.9 | Y10: 4.4 | Z10: 9 | AA10: 78.4 | AB10: 216.7 | AC10: 1.95 | AE10: 10 oat/20 alf | AF10: 10 | AG10: 214.2 | AH10: 410 | AI10: 4.1 | AJ10: 16 | AK10: 68.12 | AL10: 171.25 | AM10: 2.74
A11: 20 oat/10 alf | B11: 21 | C11: 163.48 | D11: 168 | E11: 3.53 | F11: 4 | G11: 50 | H11: 103 | I11: 0.41 | K11: 20 oat/10 alf | L11: 19 | M11: 172 | N11: 184.74 | O11: 3.51 | P11: 4 | Q11: 76.75 | R11: 180 | S11: 0.72 | U11: 20 oat/10 alf | V11: 20 | W11: 247 | X11: 457 | Y11: 9.14 | Z11: 10 | AA11: 69.2 | AB11: 205 | AC11: 2.05 | AE11: 20 oat/10 alf | AF11: 19 | AG11: 210.82 | AH11: 341.053 | AI11: 6.48 | AJ11: 9 | AK11: 79.02 | AL11: 165.56 | AM11: 1.49
A12: 30 oat/------ | B12: 29 | C12: 167.96 | D12: 185.86 | E12: 5.39 | K12: 30 oat/------ | L12: 29 | M12: 176.38 | N12: 173.45 | O12: 5.03 | U12: 30 oat/------ | V12: 28 | W12: 216.7 | X12: 358.2 | Y12: 10.03 | AE12: 30 oat/------ | AF12: 30 | AG12: 239.33 | AH12: 412.33 | AI12: 12.37
A14: Pot | B14: # tom | C14: avg length (mm) | D14: avg weight (mg) | E14: tot weight (g) | F14: # alf | G14: avg length (mm) | H14: avg weight (mg) | I14: tot weight (g) | K14: Pot | L14: # tom | M14: avg length (mm) | N14: avg weight (mg) | O14: tot weight (g) | P14: # alf | Q14: avg length (mm) | R14: avg weight (mg) | S14: tot weight (g) | U14: Pot | V14: # tom | W14: avg length (mm) | X14: avg weight (mg) | Y14: tot weight (g) | Z14: # alf | AA14: avg length (mm) | AB14: avg weight (mg) | AC14: tot weight (g) | AE14: Pot | AF14: # tom | AG14: avg length (mm) | AH14: avg weight (mg) | AI14: tot weight (g) | AJ14: # alf | AK14: avg length (mm) | AL14: avg weight (mg) | AM14: tot weight (g)
A15: ------ /30 alf | F15: 20 | G15: 44.35 | H15: 95 | I15: 1.9 | K15: ------ /30 alf | P15: 16 | Q15: 53.56 | R15: 156.25 | S15: 2.5 | U15: ------ /30 alf | Z15: 19 | AA15: 50.95 | AB15: 127.9 | AC15: 2.4 | AE15: ------ /30 alf | AJ15: 18 | AK15: 66.8 | AL15: 117.78 | AM15: 2.12
A16: 10 tom /20 alf | B16: 4 | C16: 31.75 | D16: 35 | E16: 0.14 | F16: 12 | G16: 56.25 | H16: 162 | I16: 1.95 | K16: 10 tom /20 alf | L16: 6 | M16: 36 | N16: 48.3 | O16: 0.29 | P16: 10 | Q16: 59.1 | R16: 128 | S16: 1.28 | U16: 10 tom /20 alf | V16: 7 | W16: 48.4 | X16: 72.9 | Y16: 0.51 | Z16: 18 | AA16: 61.6 | AB16: 172.8 | AC16: 3.1 | AE16: 10 tom /20 alf | AF16: 6 | AG16: 49 | AH16: 138.3 | AI16: 0.83 | AJ16: 14 | AK16: 96.5 | AL16: 212.9 | AM16: 2.98
A17: 20 tom /10 alf | B17: 20 | C17: 33.55 | D17: 52.5 | E17: 1.05 | F17: 8 | G17: 37.875 | H17: 91 | I17: 0.73 | K17: 20 tom /10 alf | L17: 10 | M17: 33.2 | N17: 35 | O17: 0.35 | P17: 7 | Q17: 79.29 | R17: 261.43 | S17: 1.83 | U17: 20 tom /10 alf | V17: 17 | W17: 61.7 | X17: 81.18 | Y17: 1.4 | Z17: 9 | AA17: 65.4 | AB17: 148.9 | AC17: 1.34 | AE17: 20 tom /10 alf | AF17: 14 | AG17: 47.8 | AH17: 79.3 | AI17: 1.11 | AJ17: 5 | AK17: 92.2 | AL17: 212 | AM17: 1.06
A18: 30 tom /------ | B18: 13 | C18: 26.3846 | D18: 42.3 | E18: 0.55 | K18: 30 tom /------ | L18: 23 | M18: 45.08 | N18: 61.74 | O18: 1.42 | U18: 30 tom /------ | V18: 21 | W18: 56.7 | X18: 102.9 | Y18: 2.16 | AE18: 30 tom /------ | AF18: 26 | AG18: 63.73 | AH18: 118.08 | AI18: 3.07
A20: note- data for each monoculture pot must be entered in two places above

Sheet T2-5
E1: Room 2114 | J1: | | O1: Room 2122 | T1: | | Y1: Room 2115 | AD1: | | AI1: Room 2123
A2: Pot | B2: # oat | C2: avg length (mm) | D2: avg weight (mg) | E2: tot weight (g) | F2: # tom | G2: avg length (mm) | H2: avg weight (mg) | I2: tot weight (g) | K2: Pot | L2: # oat | M2: avg length (mm) | N2: avg weight (mg) | O2: tot weight (g) | P2: # tom | Q2: avg length (mm) | R2: avg weight (mg) | S2: tot weight (g) | U2: Pot | V2: # oat | W2: avg length (mm) | X2: avg weight (mg) | Y2: tot weight (g) | Z2: # tom | AA2: avg length (mm) | AB2: avg weight (mg) | AC2: tot weight (g) | AE2: Pot | AF2: # oat | AG2: avg length (mm) | AH2: avg weight (mg) | AI2: tot weight (g) | AJ2: # tom | AK2: avg length (mm) | AL2: avg weight (mg) | AM2: tot weight (g)
A3: ------/30 tom | F3: 16 | G3: 32.93 | H3: 34.375 | I3: 0.55 | K3: ------/30 tom | P3: 23 | Q3: 3.5 | R3: 54.78 | S3: 1.26 | U3: ------/30 tom | Z3: 25 | AA3: 51.72 | AB3: 105.2 | AC3: 2.63 | AE3: ------/30 tom | AJ3: 12 | AK3: 43.96 | AL3: 56.67 | AM3: 0.68
A4: 10 oat/20 tom | B4: 10 | C4: 176 | D4: 176 | E4: 1.76 | F4: 7 | G4: 27.3 | H4: 38.6 | I4: 0.27 | K4: 10 oat/20 tom | L4: 9 | M4: 163.33 | N4: 223.33 | O4: 2.01 | P4: 11 | Q4: 27.54 | R4: 30 | S4: 0.33 | U4: 10 oat/20 tom | V4: 9 | W4: 262.4 | X4: 489 | Y4: 4.4 | Z4: 16 | AA4: 48.6 | AB4: 76.3 | AC4: 1.22 | AE4: 10 oat/20 tom | AF4: 9 | AG4: 229.33 | AH4: 386.6 | AI4: 3.48 | AJ4: 14 | AK4: 38.85 | AL4: 50 | AM4: 0.7
A5: 20 oat/10 tom | B5: 18 | C5: 174.6 | D5: 170.55 | E5: 3.07 | F5: 9 | G5: 25.8 | H5: 28.8 | I5: 0.26 | K5: 20 oat/10 tom | L5: 20 | M5: 173.9 | N5: 214.5 | O5: 4.29 | P5: 6 | Q5: 35.33 | R5: 38.33 | S5: 0.23 | U5: 20 oat/10 tom | V5: 20 | W5: 255.5 | X5: 451.5 | Y5: 9.03 | Z5: 5 | AA5: 49.2 | AB5: 68 | AC5: 0.34 | AE5: 20 oat/10 tom | AF5: 19 | AG5: 229.59 | AH5: 375.26 | AI5: 7.13 | AJ5: 2 | AK5: 37 | AL5: 40 | AM5: 0.08
A6: 30 oat/------ | B6: 28 | C6: 171.161 | D6: 177.857 | E6: 4.98 | K6: 30 oat/------ | L6: 29 | M6: 162.79 | N6: 185.17 | O6: 5.37 | U6: 30 oat/------ | V6: 28 | W6: 243.36 | X6: 392 | Y6: 10.98 | AE6: 30 oat/------ | AF6: 29 | AG6: 253.24 | AH6: 412 | AI6: 11.95
A8: Pot | B8: # oat | C8: avg length (mm) | D8: avg weight (mg) | E8: tot weight (g) | F8: # alf | G8: avg length (mm) | H8: avg weight (mg) | I8: tot weight (g) | K8: Pot | L8: # oat | M8: avg length (mm) | N8: avg weight (mg) | O8: tot weight (g) | P8: # alf | Q8: avg length (mm) | R8: avg weight (mg) | S8: tot weight (g) | U8: Pot | V8: # oat | W8: avg length (mm) | X8: avg weight (mg) | Y8: tot weight (g) | Z8: # alf | AA8: avg length (mm) | AB8: avg weight (mg) | AC8: tot weight (g) | AE8: Pot | AF8: # oat | AG8: avg length (mm) | AH8: avg weight (mg) | AI8: tot weight (g) | AJ8: # alf | AK8: avg length (mm) | AL8: avg weight (mg) | AM8: tot weight (g)
A9: ------/30 alf | F9: 16 | G9: 52.065 | H9: 133.125 | I9: 2.13 | K9: ------/30 alf | P9: 17 | Q9: 61.11 | R9: 146.47 | S9: 2.49 | U9: ------/30 alf | Z9: 20 | AA9: 69.65 | AB9: 113.5 | AC9: 2.27 | AE9: ------/30 alf | AJ9: 19 | AK9: 58.68 | AL9: 114 | AM9: 2.17
A10: 10 oat/20 alf | B10: 10 | C10: 158.9 | D10: 169 | E10: 1.69 | F10: 3 | G10: 41.33 | H10: 173.33 | I10: 0.52 | K10: 10 oat/20 alf | L10: 9 | M10: 158.33 | N10: 183.33 | O10: 1.65 | P10: 20 | Q10: 51.8 | R10: 135.5 | S10: 2.71 | U10: 10 oat/20 alf | V10: 10 | W10: 252.9 | X10: 486.25 | Y10: 4.86 | Z10: 11 | AA10: 59.27 | AB10: 110.2 | AC10: 1.21 | AE10: 10 oat/20 alf | AF10: 10 | AG10: 214.1 | AH10: 449 | AI10: 4.49 | AJ10: 8 | AK10: 54.875 | AL10: 115 | AM10: 0.92
A11: 20 oat/10 alf | B11: 19 | C11: 152.211 | D11: 208.947 | E11: 3.97 | F11: 3 | G11: 18 | H11: 13.3 | I11: 0.04 | K11: 20 oat/10 alf | L11: 19 | M11: 141.1 | N11: 151.57 | O11: 2.88 | P11: 9 | Q11: 54.55 | R11: 144.44 | S11: 1.3 | U11: 20 oat/10 alf | V11: 20 | W11: 230.75 | X11: 429 | Y11: 8.58 | Z11: 6 | AA11: 51.5 | AB11: 91.67 | AC11: 0.55 | AE11: 20 oat/10 alf | AF11: 20 | AG11: 239.1 | AH11: 355.5 | AI11: 7.11 | AJ11: 3 | AK11: 50.34 | AL11: 123.34 | AM11: 0.37
A12: 30 oat/------ | B12: 28 | C12: 171.161 | D12: 177.857 | E12: 4.98 | K12: 30 oat/------ | L12: 29 | M12: 162.79 | N12: 185.17 | O12: 5.37 | U12: 30 oat/------ | V12: 28 | W12: 243.36 | X12: 392.14 | Y12: 10.98 | AE12: 30 oat/------ | AF12: 29 | AG12: 253.24 | AH12: 412 | AI12: 11.95
A14: Pot | B14: # tom | C14: avg length (mm) | D14: avg weight (mg) | E14: tot weight (g) | F14: # alf | G14: avg length (mm) | H14: avg weight (mg) | I14: tot weight (g) | K14: Pot | L14: # tom | M14: avg length (mm) | N14: avg weight (mg) | O14: tot weight (g) | P14: # alf | Q14: avg length (mm) | R14: avg weight (mg) | S14: tot weight (g) | U14: Pot | V14: # tom | W14: avg length (mm) | X14: avg weight (mg) | Y14: tot weight (g) | Z14: # alf | AA14: avg length (mm) | AB14: avg weight (mg) | AC14: tot weight (g) | AE14: Pot | AF14: # tom | AG14: avg length (mm) | AH14: avg weight (mg) | AI14: tot weight (g) | AJ14: # alf | AK14: avg length (mm) | AL14: avg weight (mg) | AM14: tot weight (g)
A15: ------ /30 alf | F15: 16 | G15: 52.065 | H15: 133.125 | I15: 2.13 | K15: ------ /30 alf | P15: 17 | Q15: 61.11 | R15: 146.47 | S15: 2.49 | U15: ------ /30 alf | Z15: 20 | AA15: 69.65 | AB15: 113.5 | AC15: 2.27 | AE15: ------ /30 alf | AJ15: 19 | AK15: 58.68 | AL15: 516.84 | AM15: 9.82
A16: 10 tom /20 alf | B16: 7 | C16: 31.86 | D16: 47.14 | E16: 0.33 | F16: 14 | G16: 58.71 | H16: 146.43 | I16: 2.05 | K16: 10 tom /20 alf | L16: 5 | M16: 3.5 | N16: 34 | O16: 0.17 | P16: 16 | Q16: 5.66 | R16: 131.87 | S16: 2.11 | U16: 10 tom /20 alf | V16: 7 | W16: 60 | X16: 158.57 | Y16: 1.11 | Z16: 12 | AA16: 79.92 | AB16: 196.67 | AC16: 2.36 | AE16: 10 tom /20 alf | AF16: 9 | AG16: 44.277 | AH16: 43.33 | AI16: 0.39 | AJ16: 11 | AK16: 68 | AL16: 176.36 | AM16: 1.94
A17: 20 tom /10 alf | B17: 11 | C17: 26.545 | D17: 32.5 | E17: 0.3575 | F17: 5 | G17: 68 | H17: 186.14 | I17: 0.9307 | K17: 20 tom /10 alf | L17: 11 | M17: 29.27 | N17: 31.81 | O17: 0.35 | P17: 7 | Q17: 57 | R17: 185.71 | S17: 1.3 | U17: 20 tom /10 alf | V17: 14 | W17: 54 | X17: 66.43 | Y17: 0.93 | Z17: 10 | AA17: 88.3 | AB17: 211 | AC17: 2.11 | AE17: 20 tom /10 alf | AF17: 13 | AG17: 35.42 | AH17: 50.77 | AI17: 0.66 | AJ17: 8 | AK17: 72.75 | AL17: 206.25 | AM17: 1.65
A18: 30 tom /------ | B18: 16 | C18: 32.93 | D18: 34.375 | E18: 0.55 | K18: 30 tom /------ | L18: 23 | M18: 3.5 | N18: 54.78 | O18: 1.26 | U18: 30 tom /------ | V18: 25 | W18: 51.72 | X18: 105.2 | Y18: 2.63 | AE18: 30 tom /------ | AF18: 12 | AG18: 43.96 | AH18: 56.67 | AI18: 0.68
A20: note- data for each monoculture pot must be entered in two places above

Sheet T7-10
E1: Room 2114 | J1: | | O1: Room 2122 | T1: | | Y1: Room 2115 | AD1: | | AI1: Room 2123
A2: Pot | B2: # oat | C2: avg length (mm) | D2: avg weight (mg) | E2: tot weight (g) | F2: # tom | G2: avg length (mm) | H2: avg weight (mg) | I2: tot weight (g) | K2: Pot | L2: # oat | M2: avg length (mm) | N2: avg weight (mg) | O2: tot weight (g) | P2: # tom | Q2: avg length (mm) | R2: avg weight (mg) | S2: tot weight (g) | U2: Pot | V2: # oat | W2: avg length (mm) | X2: avg weight (mg) | Y2: tot weight (g) | Z2: # tom | AA2: avg length (mm) | AB2: avg weight (mg) | AC2: tot weight (g) | AE2: Pot | AF2: # oat | AG2: avg length (mm) | AH2: avg weight (mg) | AI2: tot weight (g) | AJ2: # tom | AK2: avg length (mm) | AL2: avg weight (mg) | AM2: tot weight (g)
A3: ------/30 tom | F3: 27 | G3: 37.85 | H3: 38.9 | I3: 1.05 | K3: ------/30 tom | P3: 21 | Q3: 32.86 | R3: 40.95 | S3: 0.86 | U3: ------/30 tom | Z3: 19 | AA3: 51.632 | AB3: 91.579 | AC3: 1.74 | AE3: ------/30 tom | AJ3: 19 | AK3: 37.68 | AL3: 79.47 | AM3: 1.5
A4: 10 oat/20 tom | B4: 9 | C4: 157.6 | D4: 148.9 | E4: 1.34 | F4: 14 | G4: 24.76 | H4: 42.857 | I4: 0.6 | K4: 10 oat/20 tom | L4: 8 | M4: 187.5 | N4: 252.5 | O4: 2.02 | P4: 16 | Q4: 33.81 | R4: 43.13 | S4: 0.69 | U4: 10 oat/20 tom | V4: 18 | W4: 201.67 | X4: 354.444 | Y4: 6.38 | Z4: 14 | AA4: 41.79 | AB4: 47.86 | AC4: 0.67 | AE4: 10 oat/20 tom | AF4: 10 | AG4: 230.5 | AH4: 492 | AI4: 4.92 | AJ4: 19 | AK4: 38.05 | AL4: 50.53 | AM4: 0.96
A5: 20 oat/10 tom | B5: 20 | C5: 165.25 | D5: 145 | E5: 2.9 | F5: 9 | G5: 28.1 | H5: 33.33 | I5: 0.3 | K5: 20 oat/10 tom | L5: 16 | M5: 143.56 | N5: 171.88 | O5: 2.75 | P5: 10 | Q5: 27.9 | R5: 25 | S5: 0.25 | U5: 20 oat/10 tom | V5: 20 | W5: 227.25 | X5: 481 | Y5: 9.62 | Z5: 8 | AA5: 49.125 | AB5: 66.25 | AC5: 0.53 | AE5: 20 oat/10 tom | AF5: 19 | AG5: 224.5 | AH5: 418.4 | AI5: 7.95 | AJ5: 9 | AK5: 49.3 | AL5: 48.9 | AM5: 0.44
A6: 30 oat/------ | B6: 29 | C6: 175.72 | D6: 184.13 | E6: 5.34 | K6: 30 oat/------ | L6: 30 | M6: 148.9 | N6: 162.67 | O6: 4.88 | U6: 30 oat/------ | V6: 30 | W6: 223.2 | X6: 425.33 | Y6: 12.76 | AE6: 30 oat/------ | AF6: 30 | AG6: 269.77 | AH6: 411.33 | AI6: 12.34
A8: Pot | B8: # oat | C8: avg length (mm) | D8: avg weight (mg) | E8: tot weight (g) | F8: # alf | G8: avg length (mm) | H8: avg weight (mg) | I8: tot weight (g) | K8: Pot | L8: # oat | M8: avg length (mm) | N8: avg weight (mg) | O8: tot weight (g) | P8: # alf | Q8: avg length (mm) | R8: avg weight (mg) | S8: tot weight (g) | U8: Pot | V8: # oat | W8: avg length (mm) | X8: avg weight (mg) | Y8: tot weight (g) | Z8: # alf | AA8: avg length (mm) | AB8: avg weight (mg) | AC8: tot weight (g) | AE8: Pot | AF8: # oat | AG8: avg length (mm) | AH8: avg weight (mg) | AI8: tot weight (g) | AJ8: # alf | AK8: avg length (mm) | AL8: avg weight (mg) | AM8: tot weight (g)
A9: ------/30 alf | F9: 16 | G9: 65 | H9: 181.25 | I9: 2.9 | K9: ------/30 alf | P9: 20 | Q9: 3.59 | R9: 105 | S9: 2.1 | U9: ------/30 alf | Z9: 14 | AA9: 74.75 | AB9: 149.72 | AC9: 2.0961 | AE9: ------/30 alf | AJ9: 21 | AK9: 60.66 | AL9: 135.7 | AM9: 2.85
A10: 10 oat/20 alf | B10: na | C10: na | D10: na | E10: na | F10: na | G10: na | H10: na | I10: na | K10: 10 oat/20 alf | L10: 10 | M10: 152.1 | N10: 162 | O10: 1.62 | P10: 14 | Q10: 66.64 | R10: 152.14 | S10: 2.13 | U10: 10 oat/20 alf | V10: 10 | W10: 233.2 | X10: 502 | Y10: 5.02 | Z10: 5 | AA10: 44.4 | AB10: 74.2 | AC10: 0.371 | AE10: 10 oat/20 alf | AF10: 9 | AG10: 250.8 | AH10: 576.6 | AI10: 5.19 | AJ10: 11 | AK10: 50.27 | AL10: 131.8 | AM10: 1.45
A11: 20 oat/10 alf | B11: 20 | C11: 187.55 | D11: 168.485 | E11: 3.3687 | F11: 3 | G11: 56 | H11: 124.6 | I11: 0.3738 | K11: 20 oat/10 alf | L11: 18 | M11: 169.78 | N11: 162.22 | O11: 2.92 | P11: 9 | Q11: 67.11 | R11: 187.78 | S11: 1.69 | U11: 20 oat/10 alf | V11: 20 | W11: 227.05 | X11: 345.5 | Y11: 6.91 | Z11: 8 | AA11: 38 | AB11: 60.26 | AC11: 0.482 | AE11: 20 oat/10 alf | AF11: 20 | AG11: 224.8 | AH11: 373 | AI11: 7.46 | AJ11: 9 | AK11: 49.11 | AL11: 83.33 | AM11: 0.75
A12: 30 oat/------ | B12: 29 | C12: 175.72 | D12: 184.13 | E12: 5.34 | K12: 30 oat/------ | L12: 30 | M12: 148.9 | N12: 162.67 | O12: 4.88 | U12: 30 oat/------ | V12: 30 | W12: 223.2 | X12: 425.33 | Y12: 12.76 | AE12: 30 oat/------ | AF12: 30 | AG12: 269.77 | AH12: 411.33 | AI12: 12.34
A14: Pot | B14: # tom | C14: avg length (mm) | D14: avg weight (mg) | E14: tot weight (g) | F14: # alf | G14: avg length (mm) | H14: avg weight (mg) | I14: tot weight (g) | K14: Pot | L14: # tom | M14: avg length (mm) | N14: avg weight (mg) | O14: tot weight (g) | P14: # alf | Q14: avg length (mm) | R14: avg weight (mg) | S14: tot weight (g) | U14: Pot | V14: # tom | W14: avg length (mm) | X14: avg weight (mg) | Y14: tot weight (g) | Z14: # alf | AA14: avg length (mm) | AB14: avg weight (mg) | AC14: tot weight (g) | AE14: Pot | AF14: # tom | AG14: avg length (mm) | AH14: avg weight (mg) | AI14: tot weight (g) | AJ14: # alf | AK14: avg length (mm) | AL14: avg weight (mg) | AM14: tot weight (g)
A15: ------ /30 alf | F15: 16 | G15: 65 | H15: 181.25 | I15: 2.9 | K15: ------ /30 alf | P15: 20 | Q15: 3.59 | R15: 105 | S15: 2.1 | U15: ------ /30 alf | V15: 0 | Z15: 14 | AA15: 74.75 | AB15: 149.72 | AC15: 2.0961 | AE15: ------ /30 alf | AJ15: 21 | AK15: 60.66 | AL15: 135.7 | AM15: 2.85
A16: 10 tom /20 alf | B16: 4 | C16: 33 | D16: 42.5 | E16: 0.17 | F16: 13 | G16: 51.77 | H16: 113.1 | I16: 1.47 | K16: 10 tom /20 alf | L16: 7 | M16: 39.14 | N16: 52.86 | O16: 0.37 | P16: 16 | Q16: 60.88 | R16: 173.75 | S16: 2.78 | U16: 10 tom /20 alf | V16: 4 | W16: 45 | X16: 82.5 | Y16: 0.33 | Z16: 9 | AA16: 71.44 | AB16: 195.22 | AC16: 1.757 | AE16: 10 tom /20 alf | AF16: 10 | AG16: 50.6 | AH16: 80 | AI16: 0.8 | AJ16: 16 | AK16: 60.44 | AL16: 201.25 | AM16: 3.22
A17: 20 tom /10 alf | B17: 13 | C17: 31 | D17: 30.7 | E17: 0.4 | F17: 3 | G17: 102 | H17: 530 | I17: 1.59 | K17: 20 tom /10 alf | L17: 13 | M17: 32.75 | N17: 38.46 | O17: 0.5 | P17: 8 | Q17: 79.06 | R17: 236.25 | S17: 1.89 | U17: 20 tom /10 alf | V17: 14 | W17: 37.1 | X17: 53.6 | Y17: 0.75 | Z17: 6 | AA17: 66.8 | AB17: 218.6 | AC17: 1.3 | AE17: 20 tom /10 alf | AF17: 13 | AG17: 54.9 | AH17: 89.23 | AI17: 1.16 | AJ17: 8 | AK17: 78.4 | AL17: 306.3 | AM17: 2.45
A18: 30 tom /------ | B18: 27 | C18: 37.85 | D18: 38.9 | E18: 1.05 | K18: 30 tom /------ | L18: 21 | M18: 32.86 | N18: 40.95 | O18: 0.86 | U18: 30 tom /------ | V18: 19 | W18: 51.632 | X18: 91.579 | Y18: 1.74 | AE18: 30 tom /------ | AF18: 19 | AG18: 37.68 | AH18: 79.47 | AI18: 1.5
A20: note- data for each monoculture pot must be entered in two places above

Sheet W9-12
E1: Room 2114 | J1: | | O1: Room 2122 | T1: | | Y1: Room 2115 | AD1: | | AI1: Room 2123
A2: Pot | B2: # oat | C2: avg length (mm) | D2: avg weight (mg) | E2: tot weight (g) | F2: # tom | G2: avg length (mm) | H2: avg weight (mg) | I2: tot weight (g) | K2: Pot | L2: # oat | M2: avg length (mm) | N2: avg weight (mg) | O2: tot weight (g) | P2: # tom | Q2: avg length (mm) | R2: avg weight (mg) | S2: tot weight (g) | U2: Pot | V2: # oat | W2: avg length (mm) | X2: avg weight (mg) | Y2: tot weight (g) | Z2: # tom | AA2: avg length (mm) | AB2: avg weight (mg) | AC2: tot weight (g) | AE2: Pot | AF2: # oat | AG2: avg length (mm) | AH2: avg weight (mg) | AI2: tot weight (g) | AJ2: # tom | AK2: avg length (mm) | AL2: avg weight (mg) | AM2: tot weight (g)
A3: ------/30 tom | F3: na | G3: na | H3: na | I3: na | K3: ------/30 tom | P3: na | Q3: na | R3: na | S3: na | U3: ------/30 tom | Z3: 26 | AA3: 53 | AB3: 125 | AC3: 3.24 | AE3: ------/30 tom | AJ3: 26 | AK3: 43.38461 | AL3: 76.153 | AM3: 1.98
A4: 10 oat/20 tom | B4: na | C4: na | D4: na | E4: na | F4: na | G4: na | H4: na | I4: na | K4: 10 oat/20 tom | L4: 10 | M4: 188.5 | N4: 271 | O4: 2.71 | P4: 13 | Q4: 33.769 | R4: 39.23 | S4: 0.51 | U4: 10 oat/20 tom | V4: 10 | W4: 289 | X4: 628 | Y4: 6.28 | Z4: 15 | AA4: 48 | AB4: 77 | AC4: 1.15 | AE4: 10 oat/20 tom | AF4: 10 | AG4: 257 | AH4: 582 | AI4: 5.82 | AJ4: 13 | AK4: 42.0769 | AL4: 47.6923 | AM4: 0.62
A5: 20 oat/10 tom | B5: na | C5: na | D5: na | E5: na | F5: na | G5: na | H5: na | I5: na | K5: 20 oat/10 tom | L5: 19 | M5: 161.84 | N5: 183.68 | O5: 3.49 | P5: 4 | Q5: 30 | R5: 57.5 | S5: 0.23 | U5: 20 oat/10 tom | V5: 20 | W5: 239 | X5: 329 | Y5: 6.57 | Z5: 7 | AA5: 38 | AB5: 29 | AC5: 0.2 | AE5: 20 oat/10 tom | AF5: 20 | AG5: 202.25 | AH5: 384 | AI5: 7.68 | AJ5: 9 | AK5: 42.2222 | AL5: 55.5555 | AM5: 0.5
A6: 30 oat/------ | B6: na | C6: na | D6: na | E6: na | K6: 30 oat/------ | L6: 25 | M6: 154.48 | N6: 182 | O6: 4.55 | U6: 30 oat/------ | V6: 30 | W6: 249 | X6: 276 | Y6: 8.27 | AE6: 30 oat/------ | AF6: 27 | AG6: 200.22 | AH6: 361.851 | AI6: 9.77
A8: Pot | B8: # oat | C8: avg length (mm) | D8: avg weight (mg) | E8: tot weight (g) | F8: # alf | G8: avg length (mm) | H8: avg weight (mg) | I8: tot weight (g) | K8: Pot | L8: # oat | M8: avg length (mm) | N8: avg weight (mg) | O8: tot weight (g) | P8: # alf | Q8: avg length (mm) | R8: avg weight (mg) | S8: tot weight (g) | U8: Pot | V8: # oat | W8: avg length (mm) | X8: avg weight (mg) | Y8: tot weight (g) | Z8: # alf | AA8: avg length (mm) | AB8: avg weight (mg) | AC8: tot weight (g) | AE8: Pot | AF8: # oat | AG8: avg length (mm) | AH8: avg weight (mg) | AI8: tot weight (g) | AJ8: # alf | AK8: avg length (mm) | AL8: avg weight (mg) | AM8: tot weight (g)
A9: ------/30 alf | F9: na | G9: na | H9: na | I9: na | K9: ------/30 alf | P9: 20 | Q9: 66.725 | R9: 154.5 | S9: 3.09 | U9: ------/30 alf | Z9: 21 | AA9: 59.43 | AB9: 126.19 | AC9: 2.65 | AE9: ------/30 alf | AJ9: 18 | AK9: 64.44 | AL9: 121.67 | AM9: 2.19
A10: 10 oat/20 alf | B10: na | C10: na | D10: na | E10: na | F10: na | G10: na | H10: na | I10: na | K10: 10 oat/20 alf | L10: 10 | M10: 180.5 | N10: 240 | O10: 2.4 | P10: 14 | Q10: 46.57 | R10: 112.857 | S10: 1.58 | U10: 10 oat/20 alf | V10: 10 | W10: 231 | X10: 374 | Y10: 3.74 | Z10: 17 | AA10: 41 | AB10: 82 | AC10: 1.39 | AE10: 10 oat/20 alf | AF10: na | AG10: na | AH10: na | AI10: na | AJ10: na | AK10: na | AL10: na | AM10: na
A11: 20 oat/10 alf | B11: na | C11: na | D11: na | E11: na | F11: na | G11: na | H11: na | I11: na | K11: 20 oat/10 alf | L11: 19 | M11: 164.5 | N11: 389.47 | O11: 7.4 | P11: 5 | Q11: 76.7 | R11: 190 | S11: 0.95 | U11: 20 oat/10 alf | V11: 19 | W11: 238 | X11: 278.9 | Y11: 5.3 | Z11: 8 | AA11: 67.38 | AB11: 133.75 | AC11: 1.07 | AE11: 20 oat/10 alf | AF11: 16 | AG11: 231.4375 | AH11: 445.625 | AI11: 7.13 | AJ11: 10 | AK11: 34.1 | AL11: 62 | AM11: 0.62
A12: 30 oat/------ | B12: na | C12: na | D12: na | E12: na | K12: 30 oat/------ | L12: 25 | M12: 154.48 | N12: 182 | O12: 4.55 | U12: 30 oat/------ | V12: 30 | W12: 249 | X12: 276 | Y12: 8.27 | AE12: 30 oat/------ | AF12: 27 | AG12: 200.22 | AH12: 361.851 | AI12: 9.77
A14: Pot | B14: # tom | C14: avg length (mm) | D14: avg weight (mg) | E14: tot weight (g) | F14: # alf | G14: avg length (mm) | H14: avg weight (mg) | I14: tot weight (g) | K14: Pot | L14: # tom | M14: avg length (mm) | N14: avg weight (mg) | O14: tot weight (g) | P14: # alf | Q14: avg length (mm) | R14: avg weight (mg) | S14: tot weight (g) | U14: Pot | V14: # tom | W14: avg length (mm) | X14: avg weight (mg) | Y14: tot weight (g) | Z14: # alf | AA14: avg length (mm) | AB14: avg weight (mg) | AC14: tot weight (g) | AE14: Pot | AF14: # tom | AG14: avg length (mm) | AH14: avg weight (mg) | AI14: tot weight (g) | AJ14: # alf | AK14: avg length (mm) | AL14: avg weight (mg) | AM14: tot weight (g)
A15: ------ /30 alf | F15: na | G15: na | H15: na | I15: na | K15: ------ /30 alf | P15: 20 | Q15: 66.725 | R15: 154.5 | S15: 3.09 | U15: ------ /30 alf | Z15: 21 | AA15: 59.43 | AB15: 126.19 | AC15: 2.65 | AE15: ------ /30 alf | AJ15: 18 | AK15: 64.44 | AL15: 121.67 | AM15: 2.19
A16: 10 tom /20 alf | B16: na | C16: na | D16: na | E16: na | F16: na | G16: na | H16: na | I16: na | K16: 10 tom /20 alf | L16: 7 | M16: 39.6 | N16: 14 | O16: 0.1 | P16: 17 | Q16: 48.5 | R16: 55 | S16: 0.93 | U16: 10 tom /20 alf | V16: 8 | W16: 46.25 | X16: 71.25 | Y16: 0.57 | Z16: 13 | AA16: 59.2 | AB16: 103.8 | AC16: 1.35 | AE16: 10 tom /20 alf | AF16: 7 | AG16: 41.857142 | AH16: 71.428571 | AI16: 0.5 | AJ16: 16 | AK16: 64.5 | AL16: 217.5 | AM16: 3.48
A17: 20 tom /10 alf | B17: na | C17: na | D17: na | E17: na | F17: na | G17: na | H17: na | I17: na | K17: 20 tom /10 alf | L17: 8 | M17: 42.25 | N17: 57.5 | O17: 0.46 | P17: 10 | Q17: 41.7 | R17: 45 | S17: 0.45 | U17: 20 tom /10 alf | V17: 18 | W17: 60 | X17: 161 | Y17: 2.9 | Z17: 5 | AA17: 53.2 | AB17: 126 | AC17: 0.63 | AE17: 20 tom /10 alf | AF17: 14 | AG17: 48.7857 | AH17: 86.42857 | AI17: 1.21 | AJ17: 10 | AK17: 76.9 | AL17: 232 | AM17: 2.32
A18: 30 tom /------ | B18: na | C18: na | D18: na | E18: na | K18: 30 tom /------ | L18: na | M18: na | N18: na | O18: na | U18: 30 tom /------ | V18: 26 | W18: 53 | X18: 125 | Y18: 3.24 | AE18: 30 tom /------ | AF18: 26 | AG18: 43.38461 | AH18: 76.153 | AI18: 1.98
A20: note- data for each monoculture pot must be entered in two places above

Sheet W2-5
E1: Room 2114 | J1: | | O1: Room 2122 | T1: | | Y1: Room 2115 | AD1: | | AI1: Room 2123
A2: Pot | B2: # oat | C2: avg length (mm) | D2: avg weight (mg) | E2: tot weight (g) | F2: # tom | G2: avg length (mm) | H2: avg weight (mg) | I2: tot weight (g) | K2: Pot | L2: # oat | M2: avg length (mm) | N2: avg weight (mg) | O2: tot weight (g) | P2: # tom | Q2: avg length (mm) | R2: avg weight (mg) | S2: tot weight (g) | U2: Pot | V2: # oat | W2: avg length (mm) | X2: avg weight (mg) | Y2: tot weight (g) | Z2: # tom | AA2: avg length (mm) | AB2: avg weight (mg) | AC2: tot weight (g) | AE2: Pot | AF2: # oat | AG2: avg length (mm) | AH2: avg weight (mg) | AI2: tot weight (g) | AJ2: # tom | AK2: avg length (mm) | AL2: avg weight (mg) | AM2: tot weight (g)
A3: ------/30 tom | F3: na | G3: na | H3: na | I3: na | K3: ------/30 tom | P3: 17 | Q3: 33.35 | R3: 40 | S3: 0.68 | U3: ------/30 tom | Z3: 25 | AA3: 40.8 | AB3: 57.6 | AC3: 1.44 | AE3: ------/30 tom | AJ3: 17 | AK3: 40.18 | AL3: 75.88 | AM3: 1.29
A4: 10 oat/20 tom | B4: na | C4: na | D4: na | E4: na | F4: na | G4: na | H4: na | I4: na | K4: 10 oat/20 tom | L4: 10 | M4: 133.5 | N4: 180 | O4: 1.8 | P4: 13 | Q4: 37 | R4: 46 | S4: 0.6 | U4: 10 oat/20 tom | V4: 10 | W4: 157 | X4: 227 | Y4: 2.27 | Z4: 17 | AA4: 27.9 | AB4: 31.8 | AC4: 0.54 | AE4: 10 oat/20 tom | AF4: 14 | AG4: 225.071 | AH4: 381.428 | AI4: 5.34 | AJ4: 21 | AK4: 39.5238 | AL4: 40.4672 | AM4: 0.85
A5: 20 oat/10 tom | B5: na | C5: na | D5: na | E5: na | F5: na | G5: na | H5: na | I5: na | K5: 20 oat/10 tom | L5: 20 | M5: 147.6 | N5: 185.5 | O5: 3.71 | P5: 7 | Q5: 37.5 | R5: 34.29 | S5: 0.24 | U5: 20 oat/10 tom | V5: 19 | W5: 145.2 | X5: 184.2 | Y5: 3.5 | Z5: 8 | AA5: 40.1 | AB5: 38.8 | AC5: 0.31 | AE5: 20 oat/10 tom | AF5: 19 | AG5: 262.73 | AH5: 453.68 | AI5: 8.62 | AJ5: 10 | AK5: 51 | AL5: 56 | AM5: 0.56
A6: 30 oat/------ | B6: na | C6: na | D6: na | E6: na | K6: 30 oat/------ | L6: 30 | M6: 162 | N6: 163.33 | O6: 4.9 | U6: 30 oat/------ | V6: 29 | W6: 151.93 | X6: 167.93 | Y6: 4.78 | AE6: 30 oat/------ | AF6: 30 | AG6: 260.63 | AH6: 353.33 | AI6: 10.6
A8: Pot | B8: # oat | C8: avg length (mm) | D8: avg weight (mg) | E8: tot weight (g) | F8: # alf | G8: avg length (mm) | H8: avg weight (mg) | I8: tot weight (g) | K8: Pot | L8: # oat | M8: avg length (mm) | N8: avg weight (mg) | O8: tot weight (g) | P8: # alf | Q8: avg length (mm) | R8: avg weight (mg) | S8: tot weight (g) | U8: Pot | V8: # oat | W8: avg length (mm) | X8: avg weight (mg) | Y8: tot weight (g) | Z8: # alf | AA8: avg length (mm) | AB8: avg weight (mg) | AC8: tot weight (g) | AE8: Pot | AF8: # oat | AG8: avg length (mm) | AH8: avg weight (mg) | AI8: tot weight (g) | AJ8: # alf | AK8: avg length (mm) | AL8: avg weight (mg) | AM8: tot weight (g)
A9: ------/30 alf | F9: na | G9: na | H9: na | I9: na | K9: ------/30 alf | P9: 22 | Q9: 52.4 | R9: 82.3 | S9: 1.81 | U9: ------/30 alf | Z9: 26 | AA9: 54 | AB9: 80.769 | AC9: 2.1 | AE9: ------/30 alf | AJ9: 16 | AK9: 51.375 | AL9: 146.875 | AM9: 2.35
A10: 10 oat/20 alf | B10: na | C10: na | D10: na | E10: na | F10: na | G10: na | H10: na | I10: na | K10: 10 oat/20 alf | L10: 10 | M10: 153.6 | N10: 157 | O10: 1.57 | P10: 12 | Q10: 38.25 | R10: 102.5 | S10: 1.23 | U10: 10 oat/20 alf | V10: 10 | W10: 153.1 | X10: 114 | Y10: 1.14 | Z10: 13 | AA10: 70.07 | AB10: 90 | AC10: 1.17 | AE10: 10 oat/20 alf | AF10: 10 | AG10: 264.4 | AH10: 497 | AI10: 4.97 | AJ10: 20 | AK10: 36.55 | AL10: 61.5 | AM10: 1.23
A11: 20 oat/10 alf | B11: na | C11: na | D11: na | E11: na | F11: na | G11: na | H11: na | I11: na | K11: 20 oat/10 alf | L11: 18 | M11: 146.72 | N11: 160.55 | O11: 2.89 | P11: 10 | Q11: 50.93 | R11: 78 | S11: 0.78 | U11: 20 oat/10 alf | V11: 20 | W11: 154.82 | X11: 104 | Y11: 2.08 | Z11: 10 | AA11: 48.4 | AB11: 46 | AC11: 0.46 | AE11: 20 oat/10 alf | AF11: 20 | AG11: 269.55 | AH11: 429 | AI11: 8.58 | AJ11: 11 | AK11: 56.09 | AL11: 60.9 | AM11: 0.67
A12: 30 oat/------ | B12: na | C12: na | D12: na | E12: na | K12: 30 oat/------ | L12: 30 | M12: 162 | N12: 163.33 | O12: 4.9 | U12: 30 oat/------ | V12: 29 | W12: 151.93 | X12: 164.8 | Y12: 4.78 | AE12: 30 oat/------ | AF12: 30 | AG12: 260.63 | AH12: 353.33 | AI12: 10.6
A14: Pot | B14: # tom | C14: avg length (mm) | D14: avg weight (mg) | E14: tot weight (g) | F14: # alf | G14: avg length (mm) | H14: avg weight (mg) | I14: tot weight (g) | K14: Pot | L14: # tom | M14: avg length (mm) | N14: avg weight (mg) | O14: tot weight (g) | P14: # alf | Q14: avg length (mm) | R14: avg weight (mg) | S14: tot weight (g) | U14: Pot | V14: # tom | W14: avg length (mm) | X14: avg weight (mg) | Y14: tot weight (g) | Z14: # alf | AA14: avg length (mm) | AB14: avg weight (mg) | AC14: tot weight (g) | AE14: Pot | AF14: # tom | AG14: avg length (mm) | AH14: avg weight (mg) | AI14: tot weight (g) | AJ14: # alf | AK14: avg length (mm) | AL14: avg weight (mg) | AM14: tot weight (g)
A15: ------ /30 alf | F15: na | G15: na | H15: na | I15: na | K15: ------ /30 alf | P15: 22 | Q15: 52.4 | R15: 82.3 | S15: 1.81 | U15: ------ /30 alf | Z15: 26 | AA15: 54 | AB15: 80.769 | AC15: 2.1 | AE15: ------ /30 alf | AJ15: 16 | AK15: 51.375 | AL15: 146.875 | AM15: 2.35
A16: 10 tom /20 alf | B16: na | C16: na | D16: na | E16: na | F16: na | G16: na | H16: na | I16: na | K16: 10 tom /20 alf | L16: na | M16: na | N16: na | O16: na | P16: 14 | Q16: 68 | R16: 85.7 | S16: 1.2 | U16: 10 tom /20 alf | V16: 7 | W16: 34 | X16: 21.43 | Y16: 0.15 | Z16: 14 | AA16: 74.5 | AB16: 118.57 | AC16: 1.66 | AE16: 10 tom /20 alf | AF16: 7 | AG16: 49.57 | AH16: 82.85 | AI16: 0.58 | AJ16: 17 | AK16: 53.12 | AL16: 103.52 | AM16: 1.76
A17: 20 tom /10 alf | B17: na | C17: na | D17: na | E17: na | F17: na | G17: na | H17: na | I17: na | K17: 20 tom /10 alf | L17: 8 | M17: 69.25 | N17: 126.25 | O17: 1.01 | P17: 7 | Q17: 35 | R17: 24.3 | S17: 0.17 | U17: 20 tom /10 alf | V17: 16 | W17: 36.75 | X17: 31.25 | Y17: 0.5 | Z17: 8 | AA17: 63 | AB17: 160 | AC17: 1.28 | AE17: 20 tom /10 alf | AF17: 16 | AG17: 32.875 | AH17: 80.625 | AI17: 1.29 | AJ17: 8 | AK17: 33.375 | AL17: 127.5 | AM17: 1.02
A18: 30 tom /------ | B18: na | C18: na | D18: na | E18: na | K18: 30 tom /------ | L18: 17 | M18: 33.35 | N18: 40 | O18: 0.68 | U18: 30 tom /------ | V18: 25 | W18: 40.8 | X18: 57.6 | Y18: 1.44 | AE18: 30 tom /------ | AF18: 17 | AG18: 40.18 | AH18: 75.88 | AI18: 1.29
A20: note- data for each monoculture pot must be entered in two places above

Sheet W7-10
E1: Room 2114 | J1: | | O1: Room 2122 | T1: | | Y1: Room 2115 | AD1: | | AI1: Room 2123
A2: Pot | B2: # oat | C2: avg length (mm) | D2: avg weight (mg) | E2: tot weight (g) | F2: # tom | G2: avg length (mm) | H2: avg weight (mg) | I2: tot weight (g) | K2: Pot | L2: # oat | M2: avg length (mm) | N2: avg weight (mg) | O2: tot weight (g) | P2: # tom | Q2: avg length (mm) | R2: avg weight (mg) | S2: tot weight (g) | U2: Pot | V2: # oat | W2: avg length (mm) | X2: avg weight (mg) | Y2: tot weight (g) | Z2: # tom | AA2: avg length (mm) | AB2: avg weight (mg) | AC2: tot weight (g) | AE2: Pot | AF2: # oat | AG2: avg length (mm) | AH2: avg weight (mg) | AI2: tot weight (g) | AJ2: # tom | AK2: avg length (mm) | AL2: avg weight (mg) | AM2: tot weight (g)
A3: ------/30 tom | F3: 35 | G3: 36.03 | H3: 45.14 | I3: 1.58 | K3: ------/30 tom | P3: 23 | Q3: 38.52 | R3: 54.78 | S3: 1.26 | U3: ------/30 tom | Z3: 25 | AA3: 36.32 | AB3: =(AC3*1000)/Z3 -> 66.8 | AC3: 1.67 | AE3: ------/30 tom | AJ3: 25 | AK3: 70.4 | AL3: 66 | AM3: 1.65
A4: 10 oat/20 tom | B4: 10 | C4: 180.7 | D4: =E4*1000/B4 -> 220 | E4: 2.2 | F4: 12 | G4: 36 | H4: 42.5 | I4: 0.51 | K4: 10 oat/20 tom | L4: 9 | M4: 179.33 | N4: 255.56 | O4: 2.3 | P4: 15 | Q4: 42.73 | R4: 37.33 | S4: 0.56 | U4: 10 oat/20 tom | V4: 10 | W4: 259 | X4: =(Y4*1000)/V4 -> 678 | Y4: 6.78 | Z4: 17 | AA4: 44.17 | AB4: =(AC4*1000)/Z4 -> 70.588235 | AC4: 1.2 | AE4: 10 oat/20 tom | AF4: 10 | AG4: 247.9 | AH4: 591 | AI4: 5.91 | AJ4: 20 | AK4: 47.65 | AL4: 64.5 | AM4: 1.29
A5: 20 oat/10 tom | B5: 30 | C5: 162.83 | D5: 120.67 | E5: 3.62 | F5: 7 | G5: 28.86 | H5: 44.29 | I5: 0.31 | K5: 20 oat/10 tom | L5: 20 | M5: 169.2 | N5: 193.5 | O5: 3.87 | P5: 6 | Q5: 39.67 | R5: 57.83 | S5: 0.3469 | U5: 20 oat/10 tom | V5: 20 | W5: 225.5 | X5: =(Y5*1000)/V5 -> 394.5 | Y5: 7.89 | Z5: 6 | AA5: 39.5 | AB5: =(AC5*1000)/Z5 -> 40 | AC5: 0.24 | AE5: 20 oat/10 tom | AF5: 32 | AG5: 339 | AH5: 326 | AI5: 10.45 | AJ5: 13 | AK5: 195.6 | AL5: 42.3 | AM5: 0.55
A6: 30 oat/------ | B6: 30 | C6: 166.03 | D6: 179 | E6: 5.37 | K6: 30 oat/------ | L6: na | M6: na | N6: na | O6: na | U6: 30 oat/------ | V6: 30 | W6: 221.3 | X6: =(Y6*1000)/V6 -> 364.33333 | Y6: 10.93 | AE6: 30 oat/------ | AF6: 30 | AG6: 182.6 | AH6: 407 | AI6: 12.21
A8: Pot | B8: # oat | C8: avg length (mm) | D8: avg weight (mg) | E8: tot weight (g) | F8: # alf | G8: avg length (mm) | H8: avg weight (mg) | I8: tot weight (g) | K8: Pot | L8: # oat | M8: avg length (mm) | N8: avg weight (mg) | O8: tot weight (g) | P8: # alf | Q8: avg length (mm) | R8: avg weight (mg) | S8: tot weight (g) | U8: Pot | V8: # oat | W8: avg length (mm) | X8: avg weight (mg) | Y8: tot weight (g) | Z8: # alf | AA8: avg length (mm) | AB8: avg weight (mg) | AC8: tot weight (g) | AE8: Pot | AF8: # oat | AG8: avg length (mm) | AH8: avg weight (mg) | AI8: tot weight (g) | AJ8: # alf | AK8: avg length (mm) | AL8: avg weight (mg) | AM8: tot weight (g)
A9: ------/30 alf | F9: 21 | G9: 49.48 | H9: 0.143 | I9: 3.01 | K9: ------/30 alf | P9: 20 | Q9: 55.45 | R9: 127 | S9: 2.54 | U9: ------/30 alf | Z9: 7 | AA9: 92 | AB9: =(AC9*1000)/Z9 -> 388.57143 | AC9: 2.72 | AE9: ------/30 alf | AJ9: 17 | AK9: 100.3 | AL9: 101 | AM9: 1.72
A10: 10 oat/20 alf | B10: 10 | C10: 167.5 | D10: 148 | E10: 1.48 | F10: 15 | G10: 35.66 | H10: 106.66 | I10: 1.6 | K10: 10 oat/20 alf | L10: 9 | M10: 159.44 | N10: 224.44 | O10: 2.02 | P10: 15 | Q10: 73.267 | R10: 207.33 | S10: 3.11 | U10: 10 oat/20 alf | V10: 6 | W10: 61.833 | X10: =(Y10*1000)/V10 -> 243.33333 | Y10: 1.46 | Z10: 11 | AA10: 237 | AB10: =(AC10*1000)/Z10 -> 412.72727 | AC10: 4.54 | AE10: 10 oat/20 alf | AF10: 10 | AG10: 239 | AH10: 504 | AI10: 5.04 | AJ10: 9 | AK10: 41.7 | AL10: 91.1417 | AM10: 0.82
A11: 20 oat/10 alf | B11: 18 | C11: 175.5 | D11: 177.7 | E11: 3.2 | F11: 3 | G11: 55 | H11: 143.33 | I11: 0.43 | K11: 20 oat/10 alf | L11: 20 | M11: 169.25 | N11: 213.5 | O11: 4.27 | P11: 6 | Q11: 62.667 | R11: 176.667 | S11: 1.06 | U11: 20 oat/10 alf | V11: 19 | W11: 225 | X11: =(Y11*1000)/V11 -> 290 | Y11: 5.51 | Z11: 4 | AA11: 45 | AB11: =(AC11*1000)/Z11 -> 92.5 | AC11: 0.37 | AE11: 20 oat/10 alf | AF11: 20 | AG11: 463.6 | AH11: 459 | AI11: 9.18 | AJ11: 8 | AK11: 39.375 | AL11: 130 | AM11: 1.04
A12: 30 oat/------ | B12: 30 | C12: 166.03 | D12: 179 | E12: 5.37 | K12: 30 oat/------ | L12: na | M12: na | N12: na | O12: na | U12: 30 oat/------ | V12: 30 | W12: 221.3 | X12: =(Y12*1000)/V12 -> 364.33333 | Y12: 10.93 | AE12: 30 oat/------ | AF12: 30 | AG12: 182.6 | AH12: 407 | AI12: 12.21
A14: Pot | B14: # tom | C14: avg length (mm) | D14: avg weight (mg) | E14: tot weight (g) | F14: # alf | G14: avg length (mm) | H14: avg weight (mg) | I14: tot weight (g) | K14: Pot | L14: # tom | M14: avg length (mm) | N14: avg weight (mg) | O14: tot weight (g) | P14: # alf | Q14: avg length (mm) | R14: avg weight (mg) | S14: tot weight (g) | U14: Pot | V14: # tom | W14: avg length (mm) | X14: avg weight (mg) | Y14: tot weight (g) | Z14: # alf | AA14: avg length (mm) | AB14: avg weight (mg) | AC14: tot weight (g) | AE14: Pot | AF14: # tom | AG14: avg length (mm) | AH14: avg weight (mg) | AI14: tot weight (g) | AJ14: # alf | AK14: avg length (mm) | AL14: avg weight (mg) | AM14: tot weight (g)
A15: ------ /30 alf | F15: 21 | G15: 49.48 | H15: 143.33 | I15: 3.01 | K15: ------ /30 alf | P15: 20 | Q15: 55.45 | R15: 127 | S15: 2.54 | U15: ------ /30 alf | Z15: 7 | AA15: 92 | AB15: =(AC15*1000)/Z15 -> 388.57143 | AC15: 2.72 | AE15: ------ /30 alf | AJ15: 17 | AK15: 100.3 | AL15: 101 | AM15: 1.72
A16: 10 tom /20 alf | B16: 4 | C16: 62.11 | D16: 164.44 | E16: 2.96 | F16: 18 | G16: 29.86 | H16: 42.86 | I16: 0.3 | K16: 10 tom /20 alf | L16: 9 | M16: 41 | N16: 44.44 | O16: 0.4 | P16: 16 | Q16: 74.94 | R16: 185 | S16: 2.96 | U16: 10 tom /20 alf | V16: 9 | W16: 44.44 | X16: =(Y16*1000)/V16 -> 73.333333 | Y16: 0.66 | Z16: 10 | AA16: 93.5 | AB16: =(AC16*1000)/Z16 -> 223 | AC16: 2.23 | AE16: 10 tom /20 alf | AF16: 5 | AG16: 54.4 | AH16: 102 | AI16: 0.51 | AJ16: 12 | AK16: 62.42 | AL16: 165.8 | AM16: 1.99
A17: 20 tom /10 alf | B17: 17 | C17: 37.765 | D17: 40 | E17: 0.68 | F17: 13 | G17: 59.846 | H17: 151.538 | I17: 1.97 | K17: 20 tom /10 alf | L17: 16 | M17: 32.625 | N17: 37.5 | O17: 0.6 | P17: 8 | Q17: 86.5 | R17: 296.25 | S17: 2.37 | U17: 20 tom /10 alf | V17: 14 | W17: 43.64 | X17: =(Y17*1000)/V17 -> 71.428571 | Y17: 1 | Z17: 5 | AA17: 98 | AB17: =(AC17*1000)/Z17 -> 314 | AC17: 1.57 | AE17: 20 tom /10 alf | AF17: na | AG17: na | AH17: na | AI17: na | AJ17: na | AK17: na | AL17: na | AM17: na
A18: 30 tom /------ | B18: 35 | C18: 36.03 | D18: 45.14 | E18: 1.58 | K18: 30 tom /------ | L18: 23 | M18: 38.52 | N18: 54.78 | O18: 1.26 | U18: 30 tom /------ | V18: 25 | W18: 36.32 | X18: =(Y18*1000)/V18 -> 66.8 | Y18: 1.67 | AE18: 30 tom /------ | AF18: 25 | AG18: 70.4 | AH18: 66 | AI18: 1.65
A20: note- data for each monoculture pot must be entered in two places above

Sheet Th9-12
E1: Room 2114 | J1: | | O1: Room 2122 | T1: | | Y1: Room 2115 | AD1: | | AI1: Room 2123
A2: Pot | B2: # oat | C2: avg length (mm) | D2: avg weight (mg) | E2: tot weight (g) | F2: # tom | G2: avg length (mm) | H2: avg weight (mg) | I2: tot weight (g) | K2: Pot | L2: # oat | M2: avg length (mm) | N2: avg weight (mg) | O2: tot weight (g) | P2: # tom | Q2: avg length (mm) | R2: avg weight (mg) | S2: tot weight (g) | U2: Pot | V2: # oat | W2: avg length (mm) | X2: avg weight (mg) | Y2: tot weight (g) | Z2: # tom | AA2: avg length (mm) | AB2: avg weight (mg) | AC2: tot weight (g) | AE2: Pot | AF2: # oat | AG2: avg length (mm) | AH2: avg weight (mg) | AI2: tot weight (g) | AJ2: # tom | AK2: avg length (mm) | AL2: avg weight (mg) | AM2: tot weight (g)
A3: ------/30 tom | F3: 24 | G3: 26.91 | H3: 44.583 | I3: 1.07 | K3: ------/30 tom | P3: 26 | Q3: 30.192 | R3: 51.1538 | S3: 1.33 | U3: ------/30 tom | Z3: 23 | AA3: 44.5 | AB3: 80.4 | AC3: 1.85 | AE3: ------/30 tom | AJ3: 22 | AK3: 42.045454 | AL3: 88.1818 | AM3: 1.94
A4: 10 oat/20 tom | B4: 10 | C4: 155.5 | D4: 163 | E4: 1.63 | F4: 19 | G4: 35.05 | H4: 45.26 | I4: 0.86 | K4: 10 oat/20 tom | L4: 10 | M4: 167.5 | N4: 185 | O4: 1.85 | P4: 15 | Q4: 33.4 | R4: 37.3 | S4: 0.56 | U4: 10 oat/20 tom | V4: 9 | W4: 313.9 | X4: 510 | Y4: 4.59 | Z4: 18 | AA4: 40.7 | AB4: 57.8 | AC4: 1.04 | AE4: 10 oat/20 tom | AF4: 10 | AG4: 234 | AH4: 481 | AI4: 4.81 | AJ4: 15 | AK4: 42.6 | AL4: 60.666667 | AM4: 0.91
A5: 20 oat/10 tom | B5: 19 | C5: 165.579 | D5: 201.05 | E5: 3.82 | F5: 9 | G5: 40.889 | H5: 36.67 | I5: 0.33 | K5: 20 oat/10 tom | L5: 27 | M5: 162.9 | N5: 163.48 | O5: 4.414 | P5: 14 | Q5: 29.5 | R5: 29.28 | S5: 0.41 | U5: 20 oat/10 tom | V5: 20 | W5: 251.5 | X5: 400 | Y5: 8 | Z5: 9 | AA5: 34.6 | AB5: 54.4 | AC5: 0.49 | AE5: 20 oat/10 tom | AF5: 19 | AG5: 261 | AH5: 468.42105 | AI5: 8.9 | AJ5: 9 | AK5: 41.666666 | AL5: 66.66666 | AM5: 0.6
A6: 30 oat/------ | B6: 30 | C6: 130.667 | D6: 196.667 | E6: 5.9 | K6: 30 oat/------ | L6: 30 | M6: 155.16 | N6: 180 | O6: 5.4 | U6: 30 oat/------ | V6: 30 | W6: 263.5 | X6: 298 | Y6: 8.95 | AE6: 30 oat/------ | AF6: 29 | AG6: 268 | AH6: 415.172 | AI6: 12.04
A8: Pot | B8: # oat | C8: avg length (mm) | D8: avg weight (mg) | E8: tot weight (g) | F8: # alf | G8: avg length (mm) | H8: avg weight (mg) | I8: tot weight (g) | K8: Pot | L8: # oat | M8: avg length (mm) | N8: avg weight (mg) | O8: tot weight (g) | P8: # alf | Q8: avg length (mm) | R8: avg weight (mg) | S8: tot weight (g) | U8: Pot | V8: # oat | W8: avg length (mm) | X8: avg weight (mg) | Y8: tot weight (g) | Z8: # alf | AA8: avg length (mm) | AB8: avg weight (mg) | AC8: tot weight (g) | AE8: Pot | AF8: # oat | AG8: avg length (mm) | AH8: avg weight (mg) | AI8: tot weight (g) | AJ8: # alf | AK8: avg length (mm) | AL8: avg weight (mg) | AM8: tot weight (g)
A9: ------/30 alf | F9: 40 | G9: 47.5 | H9: 82.75 | I9: 3.31 | K9: ------/30 alf | P9: 26 | Q9: 41.88 | R9: 121.53 | S9: 3.16 | U9: ------/30 alf | Z9: 24 | AA9: 61.3 | AB9: 92.5 | AC9: 2.22 | AE9: ------/30 alf | AJ9: 26 | AK9: 54.423076 | AL9: 93.076923 | AM9: 2.42
A10: 10 oat/20 alf | B10: 9 | C10: 191.11 | D10: 226.67 | E10: 2.04 | F10: 13 | G10: 58.46 | H10: 174.62 | I10: 2.27 | K10: 10 oat/20 alf | L10: na | M10: na | N10: na | O10: na | P10: na | Q10: na | R10: na | S10: na | U10: 10 oat/20 alf | V10: 10 | W10: 324 | X10: 575 | Y10: 5.75 | Z10: 7 | AA10: 60.7 | AB10: 138.6 | AC10: 0.97 | AE10: 10 oat/20 alf | AF10: 10 | AG10: 216.7 | AH10: 301 | AI10: 3.01 | AJ10: 18 | AK10: 49.611111 | AL10: 60.555556 | AM10: 1.09
A11: 20 oat/10 alf | B11: 18 | C11: 170.22 | D11: 179.444 | E11: 3.23 | F11: 10 | G11: 34.8 | H11: 44 | I11: 0.44 | K11: 20 oat/10 alf | L11: 20 | M11: 165.25 | N11: 173 | O11: 3.46 | P11: 7 | Q11: 65.14 | R11: 218.57 | S11: 1.53 | U11: 20 oat/10 alf | V11: 21 | W11: 264.1 | X11: 416.7 | Y11: 8.75 | Z11: 7 | AA11: 73.4 | AB11: 180 | AC11: 1.26 | AE11: 20 oat/10 alf | AF11: 20 | AG11: 261.2 | AH11: 470.5 | AI11: 9.41 | AJ11: 7 | AK11: 46 | AL11: 92.85 | AM11: 0.65
A12: 30 oat/------ | B12: 30 | C12: 130.667 | D12: 196.667 | E12: 5.9 | K12: 30 oat/------ | L12: 30 | M12: 155.16 | N12: 180 | O12: 5.4 | U12: 30 oat/------ | V12: 30 | W12: 263.5 | X12: 298 | Y12: 8.95 | AE12: 30 oat/------ | AF12: 29 | AG12: 268 | AH12: 415.172 | AI12: 12.04
A14: Pot | B14: # tom | C14: avg length (mm) | D14: avg weight (mg) | E14: tot weight (g) | F14: # alf | G14: avg length (mm) | H14: avg weight (mg) | I14: tot weight (g) | K14: Pot | L14: # tom | M14: avg length (mm) | N14: avg weight (mg) | O14: tot weight (g) | P14: # alf | Q14: avg length (mm) | R14: avg weight (mg) | S14: tot weight (g) | U14: Pot | V14: # tom | W14: avg length (mm) | X14: avg weight (mg) | Y14: tot weight (g) | Z14: # alf | AA14: avg length (mm) | AB14: avg weight (mg) | AC14: tot weight (g) | AE14: Pot | AF14: # tom | AG14: avg length (mm) | AH14: avg weight (mg) | AI14: tot weight (g) | AJ14: # alf | AK14: avg length (mm) | AL14: avg weight (mg) | AM14: tot weight (g)
A15: ------ /30 alf | F15: 40 | G15: 47.5 | H15: 82.75 | I15: 3.31 | K15: ------ /30 alf | P15: 26 | Q15: 41.88 | R15: 121.53 | S15: 3.16 | U15: ------ /30 alf | Z15: 24 | AA15: 61.3 | AB15: 92.5 | AC15: 2.22 | AE15: ------ /30 alf | AJ15: 26 | AK15: 54.423076 | AL15: 93.076923 | AM15: 2.42
A16: 10 tom /20 alf | B16: 7 | C16: 31 | D16: 41.429 | E16: 0.29 | F16: 14 | G16: 57.79 | H16: 234.29 | I16: 3.28 | K16: 10 tom /20 alf | L16: 5 | M16: 27.5 | N16: 36 | O16: 0.18 | P16: 19 | Q16: 47.08 | R16: 125.26 | S16: 2.38 | U16: 10 tom /20 alf | V16: 8 | W16: 56.9 | X16: 40 | Y16: 0.32 | Z16: 11 | AA16: 90.45 | AB16: 135.5 | AC16: 1.49 | AE16: 10 tom /20 alf | AF16: 10 | AG16: 39.9 | AH16: 50 | AI16: 0.5 | AJ16: 14 | AK16: 75.642857 | AL16: 161.42857 | AM16: 2.26
A17: 20 tom /10 alf | B17: 14 | C17: 33.93 | D17: 41.43 | E17: 0.58 | F17: 4 | G17: 73.5 | H17: 172.5 | I17: 0.69 | K17: 20 tom /10 alf | L17: 15 | M17: 36.867 | N17: 35.33 | O17: 0.53 | P17: 6 | Q17: 70 | R17: 146.67 | S17: 0.88 | U17: 20 tom /10 alf | V17: 18 | W17: 44.8 | X17: 85.6 | Y17: 1.54 | Z17: 9 | AA17: 78.1 | AB17: 205.6 | AC17: 1.85 | AE17: 20 tom /10 alf | AF17: 20 | AG17: 44.7 | AH17: 56.5 | AI17: 1.13 | AJ17: 8 | AK17: 75 | AL17: 190 | AM17: 1.52
A18: 30 tom /------ | B18: 24 | C18: 26.91 | D18: 44.583 | E18: 1.07 | K18: 30 tom /------ | L18: 26 | M18: 30.192 | N18: 51.1538 | O18: 1.33 | U18: 30 tom /------ | V18: 23 | W18: 44.5 | X18: 80.4 | Y18: 1.85 | AE18: 30 tom /------ | AF18: 22 | AG18: 42.045454 | AH18: 88.1818 | AI18: 1.94
A20: note- data for each monoculture pot must be entered in two places above
L21: ** one group potted 10 T / 20 A instead of 10 O/ 20 A -- so 10 T/20 A was duplicated

Sheet Th2-5
E1: Room 2114 | J1: | | O1: Room 2122 | T1: | | Y1: Room 2115 | AD1: | | AI1: Room 2123
A2: Pot | B2: # oat | C2: avg length (mm) | D2: avg weight (mg) | E2: tot weight (g) | F2: # tom | G2: avg length (mm) | H2: avg weight (mg) | I2: tot weight (g) | K2: Pot | L2: # oat | M2: avg length (mm) | N2: avg weight (mg) | O2: tot weight (g) | P2: # tom | Q2: avg length (mm) | R2: avg weight (mg) | S2: tot weight (g) | U2: Pot | V2: # oat | W2: avg length (mm) | X2: avg weight (mg) | Y2: tot weight (g) | Z2: # tom | AA2: avg length (mm) | AB2: avg weight (mg) | AC2: tot weight (g) | AE2: Pot | AF2: # oat | AG2: avg length (mm) | AH2: avg weight (mg) | AI2: tot weight (g) | AJ2: # tom | AK2: avg length (mm) | AL2: avg weight (mg) | AM2: tot weight (g)
A3: ------/30 tom | F3: 22 | G3: 30 | H3: 36.8 | I3: 0.81 | K3: ------/30 tom | P3: 29 | Q3: 35.267 | R3: 48.67 | S3: 1.46 | U3: ------/30 tom | Z3: 33 | AA3: 58.9 | AB3: 131 | AC3: 4.33 | AE3: ------/30 tom | AJ3: 30 | AK3: 55.37 | AL3: 159.3 | AM3: 4.78
A4: 10 oat/20 tom | B4: 10 | C4: 130.8 | D4: 181 | E4: 1.81 | F4: 15 | G4: 31.33 | H4: 45.33 | I4: 0.68 | K4: 10 oat/20 tom | L4: 10 | M4: 142.5 | N4: 119 | O4: 1.19 | P4: 20 | Q4: 25 | R4: 40.5 | S4: 0.81 | U4: 10 oat/20 tom | V4: 10 | W4: 308.5 | X4: 760 | Y4: 7.6 | Z4: 20 | AA4: 34.13 | AB4: 77.5 | AC4: 1.55 | AE4: 10 oat/20 tom | AF4: 9 | AG4: 292 | AH4: 658.8 | AI4: 5.93 | AJ4: 16 | AK4: 37.5 | AL4: 67.5 | AM4: 1.08
A5: 20 oat/10 tom | B5: 19 | C5: 138.26 | D5: 207.89 | E5: 3.95 | F5: 7 | G5: 21.71 | H5: 21.43 | I5: 0.15 | K5: 20 oat/10 tom | L5: 20 | M5: 187.4 | N5: 188 | O5: 3.76 | P5: 8 | Q5: 38 | R5: 31 | S5: 0.248 | U5: 20 oat/10 tom | V5: 19 | W5: 252.35 | X5: 431.57 | Y5: 8.2 | Z5: 8 | AA5: 48.25 | AB5: 75 | AC5: 0.6 | AE5: 20 oat/10 tom | AF5: 20 | AG5: 280.5 | AH5: 498 | AI5: 9.96 | AJ5: 6 | AK5: 38.5 | AL5: 50 | AM5: 0.3
A6: 30 oat/------ | B6: 30 | C6: 61.1 | D6: 226 | E6: 6.78 | K6: 30 oat/------ | L6: 30 | M6: 177.23 | N6: 199.3 | O6: 5.98 | U6: 30 oat/------ | V6: 30 | W6: 250.56 | X6: 366 | Y6: 10.98 | AE6: 30 oat/------ | AF6: 26 | AG6: 269.96 | AH6: 379.61 | AI6: 9.87
A8: Pot | B8: # oat | C8: avg length (mm) | D8: avg weight (mg) | E8: tot weight (g) | F8: # alf | G8: avg length (mm) | H8: avg weight (mg) | I8: tot weight (g) | K8: Pot | L8: # oat | M8: avg length (mm) | N8: avg weight (mg) | O8: tot weight (g) | P8: # alf | Q8: avg length (mm) | R8: avg weight (mg) | S8: tot weight (g) | U8: Pot | V8: # oat | W8: avg length (mm) | X8: avg weight (mg) | Y8: tot weight (g) | Z8: # alf | AA8: avg length (mm) | AB8: avg weight (mg) | AC8: tot weight (g) | AE8: Pot | AF8: # oat | AG8: avg length (mm) | AH8: avg weight (mg) | AI8: tot weight (g) | AJ8: # alf | AK8: avg length (mm) | AL8: avg weight (mg) | AM8: tot weight (g)
A9: ------/30 alf | F9: 22 | G9: 2.15 | H9: 85 | I9: 1.88 | K9: ------/30 alf | P9: 25 | Q9: 50.75 | R9: 144.8 | S9: 3.62 | U9: ------/30 alf | Z9: 26 | AA9: 65.73 | AB9: 130.38 | AC9: 3.39 | AE9: ------/30 alf | AJ9: 22 | AK9: 58.23 | AL9: 119.54 | AM9: 2.63
A10: 10 oat/20 alf | B10: 10 | C10: 149 | D10: 169 | E10: 1.69 | F10: 18 | G10: 33.94 | H10: 51.67 | I10: 0.93 | K10: 10 oat/20 alf | L10: 8 | M10: 170.5 | N10: 125 | O10: 1 | P10: 14 | Q10: 49.2 | R10: 90 | S10: 1.26 | U10: 10 oat/20 alf | V10: 8 | W10: 305 | X10: 656.25 | Y10: 5.25 | Z10: 11 | AA10: 55.36 | AB10: 168.18 | AC10: 1.85 | AE10: 10 oat/20 alf | AF10: 10 | AG10: 314.2 | AH10: 564 | AI10: 5.64 | AJ10: 15 | AK10: 43.6 | AL10: 71.33 | AM10: 1.07
A11: 20 oat/10 alf | B11: 22 | C11: 169 | D11: 170.9 | E11: 3.76 | F11: 11 | G11: 4.84 | H11: 89 | I11: 0.98 | K11: 20 oat/10 alf | L11: 20 | M11: 149.7 | N11: 208 | O11: 4.16 | P11: 6 | Q11: 71.67 | R11: 211.67 | S11: 1.27 | U11: 20 oat/10 alf | V11: 18 | W11: 252.9 | X11: 414.4 | Y11: 7.46 | Z11: 7 | AA11: 40.29 | AB11: 52.86 | AC11: 0.37 | AE11: 20 oat/10 alf | AF11: 20 | AG11: 219.55 | AH11: 341 | AI11: 6.82 | AJ11: 9 | AK11: 47.11 | AL11: 90 | AM11: 0.81
A12: 30 oat/------ | B12: 30 | C12: 61.1 | D12: 226 | E12: 6.78 | K12: 30 oat/------ | L12: 30 | M12: 177.23 | N12: 199.3 | O12: 5.98 | U12: 30 oat/------ | V12: 30 | W12: 250.56 | X12: 366 | Y12: 10.98 | AE12: 30 oat/------ | AF12: 26 | AG12: 269.96 | AH12: 379.61 | AI12: 9.87
A14: Pot | B14: # tom | C14: avg length (mm) | D14: avg weight (mg) | E14: tot weight (g) | F14: # alf | G14: avg length (mm) | H14: avg weight (mg) | I14: tot weight (g) | K14: Pot | L14: # tom | M14: avg length (mm) | N14: avg weight (mg) | O14: tot weight (g) | P14: # alf | Q14: avg length (mm) | R14: avg weight (mg) | S14: tot weight (g) | U14: Pot | V14: # tom | W14: avg length (mm) | X14: avg weight (mg) | Y14: tot weight (g) | Z14: # alf | AA14: avg length (mm) | AB14: avg weight (mg) | AC14: tot weight (g) | AE14: Pot | AF14: # tom | AG14: avg length (mm) | AH14: avg weight (mg) | AI14: tot weight (g) | AJ14: # alf | AK14: avg length (mm) | AL14: avg weight (mg) | AM14: tot weight (g)
A15: ------ /30 alf | F15: 22 | G15: 2.15 | H15: 85 | I15: 1.88 | K15: ------ /30 alf | P15: 25 | Q15: 50.75 | R15: 144.8 | S15: 3.62 | U15: ------ /30 alf | Z15: 26 | AA15: 65.73 | AB15: 130.38 | AC15: 3.39 | AE15: ------ /30 alf | AJ15: 22 | AK15: 58.23 | AL15: 119.54 | AM15: 2.63
A16: 10 tom /20 alf | B16: 16 | C16: 50.68 | D16: 143 | E16: 2.29 | F16: 9 | G16: 25.4 | H16: 33.3 | I16: 0.3 | K16: 10 tom /20 alf | L16: 7 | M16: 34 | N16: 33.4 | O16: 0.234 | P16: 14 | Q16: 55.57 | R16: 122.15 | S16: 1.71 | U16: 10 tom /20 alf | V16: 4 | W16: 66.75 | X16: 120 | Y16: 0.48 | Z16: 17 | AA16: 86.24 | AB16: 148.82 | AC16: 2.53 | AE16: 10 tom /20 alf | AF16: 11 | AG16: 60.36 | AH16: 111.82 | AI16: 1.23 | AJ16: 13 | AK16: 61.85 | AL16: 140 | AM16: 1.82
A17: 20 tom /10 alf | B17: 6 | C17: 38.3 | D17: 183.3 | E17: 1.1 | F17: 13 | G17: 28.538 | H17: 41.538 | I17: 0.54 | K17: 20 tom /10 alf | L17: 17 | M17: 37.65 | N17: 57.06 | O17: 0.97 | P17: 16 | Q17: 40.3125 | R17: 81.25 | S17: 1.3 | U17: 20 tom /10 alf | V17: 20 | W17: 54.45 | X17: 137.5 | Y17: 2.75 | Z17: 10 | AA17: 88.4 | AB17: 222 | AC17: 2.22 | AE17: 20 tom /10 alf | AF17: 13 | AG17: 54.92 | AH17: 80.769 | AI17: 1.05 | AJ17: 8 | AK17: 62.125 | AL17: 103.75 | AM17: 0.83
A18: 30 tom /------ | B18: 22 | C18: 30 | D18: 36.8 | E18: 0.81 | K18: 30 tom /------ | L18: 29 | M18: 35.267 | N18: 48.67 | O18: 1.46 | U18: 30 tom /------ | V18: 33 | W18: 58.9 | X18: 131 | Y18: 4.33 | AE18: 30 tom /------ | AF18: 30 | AG18: 55.37 | AH18: 159.3 | AI18: 4.78
A20: note- data for each monoculture pot must be entered in two places above

Sheet Th7-10
E1: Room 2114 | J1: | | O1: Room 2122 | T1: | | Y1: Room 2115 | AD1: | | AI1: Room 2123
A2: Pot | B2: # oat | C2: avg length (mm) | D2: avg weight (mg) | E2: tot weight (g) | F2: # tom | G2: avg length (mm) | H2: avg weight (mg) | I2: tot weight (g) | K2: Pot | L2: # oat | M2: avg length (mm) | N2: avg weight (mg) | O2: tot weight (g) | P2: # tom | Q2: avg length (mm) | R2: avg weight (mg) | S2: tot weight (g) | U2: Pot | V2: # oat | W2: avg length (mm) | X2: avg weight (mg) | Y2: tot weight (g) | Z2: # tom | AA2: avg length (mm) | AB2: avg weight (mg) | AC2: tot weight (g) | AE2: Pot | AF2: # oat | AG2: avg length (mm) | AH2: avg weight (mg) | AI2: tot weight (g) | AJ2: # tom | AK2: avg length (mm) | AL2: avg weight (mg) | AM2: tot weight (g)
A3: ------/30 tom | F3: 22 | G3: 38.136 | H3: 55.909 | I3: 1.23 | K3: ------/30 tom | P3: 27 | Q3: 41.04 | R3: 58.15 | S3: 1.57 | U3: ------/30 tom | Z3: 25 | AA3: 52.28 | AB3: 98.4 | AC3: 2.46 | AE3: ------/30 tom | AJ3: 28 | AK3: 99.8 | AL3: 111.1 | AM3: 3.11
A4: 10 oat/20 tom | B4: 7 | C4: 167.1 | D4: 217.1 | E4: 1.52 | F4: 14 | G4: 42.1 | H4: 52.9 | I4: 0.74 | K4: 10 oat/20 tom | L4: 10 | M4: 149.7 | N4: 167 | O4: 1.67 | P4: 17 | Q4: 37.06 | R4: 44.71 | S4: 0.76 | U4: 10 oat/20 tom | V4: 10 | W4: 290.5 | X4: 659 | Y4: 6.59 | Z4: 20 | AA4: 49 | AB4: 64.5 | AC4: 1.29 | AE4: 10 oat/20 tom | AF4: 10 | AG4: 276.1 | AH4: 485 | AI4: 4.85 | AJ4: 14 | AK4: 160.75 | AL4: 75.7 | AM4: 1.06
A5: 20 oat/10 tom | B5: 19 | C5: 173.89 | D5: 198.95 | E5: 3.78 | F5: 8 | G5: 27.125 | H5: 22.5 | I5: 0.18 | K5: 20 oat/10 tom | L5: 17 | M5: 112.3 | N5: 173.5 | O5: 2.95 | P5: 7 | Q5: 26.86 | R5: 30 | S5: 0.21 | U5: 20 oat/10 tom | V5: 20 | W5: 263.8 | X5: 414.5 | Y5: 8.29 | Z5: 9 | AA5: 44 | AB5: 32.22 | AC5: 0.29 | AE5: 20 oat/10 tom | AF5: 20 | AG5: 582.3 | AH5: 479 | AI5: 9.58 | AJ5: 7 | AK5: 34.9 | AL5: 42.8 | AM5: 0.3
A6: 30 oat/------ | B6: 31 | C6: 175.9 | D6: 190.9 | E6: 5.92 | K6: 30 oat/------ | L6: 30 | M6: 179.6 | N6: 165.33 | O6: 4.96 | U6: 30 oat/------ | V6: 30 | W6: 271.3 | X6: 347.33 | Y6: 10.42 | AE6: 30 oat/------ | AF6: 28 | AG6: 343.16 | AH6: 311 | AI6: 8.71
A8: Pot | B8: # oat | C8: avg length (mm) | D8: avg weight (mg) | E8: tot weight (g) | F8: # alf | G8: avg length (mm) | H8: avg weight (mg) | I8: tot weight (g) | K8: Pot | L8: # oat | M8: avg length (mm) | N8: avg weight (mg) | O8: tot weight (g) | P8: # alf | Q8: avg length (mm) | R8: avg weight (mg) | S8: tot weight (g) | U8: Pot | V8: # oat | W8: avg length (mm) | X8: avg weight (mg) | Y8: tot weight (g) | Z8: # alf | AA8: avg length (mm) | AB8: avg weight (mg) | AC8: tot weight (g) | AE8: Pot | AF8: # oat | AG8: avg length (mm) | AH8: avg weight (mg) | AI8: tot weight (g) | AJ8: # alf | AK8: avg length (mm) | AL8: avg weight (mg) | AM8: tot weight (g)
A9: ------/30 alf | F9: 23 | G9: 46.74 | H9: 134 | I9: 3.09 | K9: ------/30 alf | P9: 19 | Q9: 55.05 | R9: 204.74 | S9: 3.89 | U9: ------/30 alf | Z9: 23 | AA9: 57.39 | AB9: 133.74 | AC9: 3.08 | AE9: ------/30 alf | AJ9: 15 | AK9: 176 | AL9: 116 | AM9: 1.74
A10: 10 oat/20 alf | B10: 15 | C10: 149.67 | D10: 117 | E10: 1.75 | F10: 15 | G10: 73.27 | H10: 161 | I10: 2.42 | K10: 10 oat/20 alf | L10: 10 | M10: 147.6 | N10: 163 | O10: 1.63 | P10: 12 | Q10: 67.33 | R10: 224.17 | S10: 2.69 | U10: 10 oat/20 alf | V10: 10 | W10: 262.8 | X10: 499 | Y10: 4.99 | Z10: 10 | AA10: 69.8 | AB10: 187.9 | AC10: 1.879 | AE10: 10 oat/20 alf | AF10: 9 | AG10: 343 | AH10: 636.6 | AI10: 5.73 | AJ10: 6 | AK10: 52.5 | AL10: 110 | AM10: 0.66
A11: 20 oat/10 alf | B11: 20 | C11: 142.15 | D11: 210 | E11: 4.2 | F11: 10 | G11: 52.7 | H11: 89 | I11: 0.89 | K11: 20 oat/10 alf | L11: 20 | M11: 136.25 | N11: 174 | O11: 3.48 | P11: 10 | Q11: 88.5 | R11: 129 | S11: 1.29 | U11: 20 oat/10 alf | V11: 20 | W11: 234.35 | X11: 402 | Y11: 8.04 | Z11: 8 | AA11: 47 | AB11: 10 | AC11: 0.08 | AE11: 20 oat/10 alf | AF11: 18 | AG11: 260.9 | AH11: 521.11 | AI11: 9.38 | AJ11: 4 | AK11: 65 | AL11: 147.5 | AM11: 0.59
A12: 30 oat/------ | B12: 31 | C12: 175.9 | D12: 190.9 | E12: 5.92 | K12: 30 oat/------ | L12: 30 | M12: 179.6 | N12: 165.33 | O12: 4.96 | U12: 30 oat/------ | V12: 30 | W12: 271.3 | X12: 347.33 | Y12: 10.42 | AE12: 30 oat/------ | AF12: 28 | AG12: 343.16 | AH12: 311 | AI12: 8.71
A14: Pot | B14: # tom | C14: avg length (mm) | D14: avg weight (mg) | E14: tot weight (g) | F14: # alf | G14: avg length (mm) | H14: avg weight (mg) | I14: tot weight (g) | K14: Pot | L14: # tom | M14: avg length (mm) | N14: avg weight (mg) | O14: tot weight (g) | P14: # alf | Q14: avg length (mm) | R14: avg weight (mg) | S14: tot weight (g) | U14: Pot | V14: # tom | W14: avg length (mm) | X14: avg weight (mg) | Y14: tot weight (g) | Z14: # alf | AA14: avg length (mm) | AB14: avg weight (mg) | AC14: tot weight (g) | AE14: Pot | AF14: # tom | AG14: avg length (mm) | AH14: avg weight (mg) | AI14: tot weight (g) | AJ14: # alf | AK14: avg length (mm) | AL14: avg weight (mg) | AM14: tot weight (g)
A15: ------ /30 alf | F15: 23 | G15: 46.74 | H15: 134 | I15: 3.09 | K15: ------ /30 alf | P15: 19 | Q15: 55.05 | R15: 204.74 | S15: 3.89 | U15: ------ /30 alf | Z15: 23 | AA15: 57.39 | AB15: 133.74 | AC15: 3.08 | AE15: ------ /30 alf | AJ15: 15 | AK15: 176 | AL15: 116 | AM15: 1.74
A16: 10 tom /20 alf | B16: 8 | C16: 28.625 | D16: 37.5 | E16: 0.3 | F16: 13 | G16: 67.69 | H16: 175.3 | I16: 2.28 | K16: 10 tom /20 alf | L16: 10 | M16: 34.6 | N16: 36 | O16: 0.36 | P16: 14 | Q16: 83.14 | R16: 214.39 | S16: 3 | U16: 10 tom /20 alf | V16: 7 | W16: 33.57 | X16: 81.43 | Y16: 0.57 | Z16: 13 | AA16: 49.61 | AB16: 153.84 | AC16: 2 | AE16: 10 tom /20 alf | AF16: 4 | AG16: 36.8 | AH16: 60 | AI16: 0.24 | AJ16: 12 | AK16: 364 | AL16: 139.1 | AM16: 1.67
A17: 20 tom /10 alf | B17: 12 | C17: 43.3 | D17: 45 | E17: 0.54 | F17: 4 | G17: 50 | H17: 110 | I17: 0.44 | K17: 20 tom /10 alf | L17: 12 | M17: 44.75 | N17: 45.78 | O17: 0.54 | P17: 6 | Q17: 100.33 | R17: 250.77 | S17: 1.5 | U17: 20 tom /10 alf | V17: 17 | W17: 60.35 | X17: 83.52 | Y17: 1.42 | Z17: 5 | AA17: 79 | AB17: 308 | AC17: 1.54 | AE17: 20 tom /10 alf | AF17: 20 | AG17: 98 | AH17: 101 | AI17: 2.02 | AJ17: 10 | AK17: 68.1 | AL17: 160 | AM17: 1.6
A18: 30 tom /------ | B18: 22 | C18: 38.136 | D18: 55.909 | E18: 1.23 | K18: 30 tom /------ | L18: 27 | M18: 41.04 | N18: 58.15 | O18: 1.57 | U18: 30 tom /------ | V18: 25 | W18: 52.28 | X18: 98.4 | Y18: 2.46 | AE18: 30 tom /------ | AF18: 28 | AG18: 99.8 | AH18: 111.1 | AI18: 3.11
A20: note- data for each monoculture pot must be entered in two places above

Sheet all sect
A1: section | B1: 10O/20T | F1: 20O/10T | J1: 10O/20A | N1: 20O/10A | R1: 30O | V1: 10T/20O | Z1: 20T/10O | AD1: 10T/20A | AH1: 20T/10A | AL1: 30T | AP1: 10A/20O | AT1: 20A/10O | AX1: 10A/20T | BB1: 20A/10T | BF1: 30A
A2: no fertilizer | B2: n | C2: avg L | D2: avg W | E2: tot W | F2: n | G2: avg L | H2: avg W | I2: tot W | J2: n | K2: avg L | L2: avg W | M2: tot W | N2: n | O2: avg L | P2: avg W | Q2: tot W | R2: n | S2: avg L | T2: avg W | U2: tot W | V2: n | W2: avg L | X2: avg W | Y2: tot W | Z2: n | AA2: avg L | AB2: avg W | AC2: tot W | AD2: n | AE2: avg L | AF2: avg W | AG2: tot W | AH2: n | AI2: avg L | AJ2: avg W | AK2: tot W | AL2: n | AM2: avg L | AN2: avg W | AO2: tot W | AP2: n | AQ2: avg L | AR2: avg W | AS2: tot W | AT2: n | AU2: avg L | AV2: avg W | AW2: tot W | AX2: n | AY2: avg L | AZ2: avg W | BA2: tot W | BB2: n | BC2: avg L | BD2: avg W | BE2: tot W | BF2: n | BG2: avg L | BH2: avg W | BI2: tot W
A3: M2-5 2114 | B3: ='M2-5'!B$4 -> 10 | C3: ='M2-5'!C$4 -> 182.3 | D3: ='M2-5'!D$4 -> 180 | E3: ='M2-5'!E$4 -> 1.8 | F3: ='M2-5'!B$5 -> 20 | G3: ='M2-5'!C$5 -> 156.6 | H3: ='M2-5'!D$5 -> 172.5 | I3: ='M2-5'!E$5 -> 3.45 | J3: ='M2-5'!B$10 -> 10 | K3: ='M2-5'!C$10 -> 178.1 | L3: ='M2-5'!D$10 -> 176 | M3: ='M2-5'!E$10 -> 1.76 | N3: ='M2-5'!B$11 -> 20 | O3: ='M2-5'!C$11 -> 171.7 | P3: ='M2-5'!D$11 -> 169.5 | Q3: ='M2-5'!E$11 -> 3.39 | R3: ='M2-5'!B$12 -> 40 | S3: ='M2-5'!C$12 -> 166.88 | T3: ='M2-5'!D$12 -> 195.25 | U3: ='M2-5'!E$12 -> 7.81 | V3: ='M2-5'!F$5 -> 10 | W3: ='M2-5'!G$5 -> 45.2 | X3: ='M2-5'!H$5 -> 46 | Y3: ='M2-5'!I$5 -> 0.46 | Z3: ='M2-5'!F$4 -> 12 | AA3: ='M2-5'!G$4 -> 41.16 | AB3: ='M2-5'!H$4 -> 90.83 | AC3: ='M2-5'!I$4 -> 1.09 | AD3: ='M2-5'!B$16 -> 14 | AE3: ='M2-5'!C$16 -> 29.5 | AF3: ='M2-5'!D$16 -> 34.28 | AG3: ='M2-5'!E$16 -> 0.48 | AH3: ='M2-5'!B$17 -> 40 | AI3: ='M2-5'!C$17 -> 39.95 | AJ3: ='M2-5'!D$17 -> 56.5 | AK3: ='M2-5'!E$17 -> 2.26 | AL3: ='M2-5'!B$18 -> 30 | AM3: ='M2-5'!C$18 -> 39.43 | AN3: ='M2-5'!D$18 -> 43.66 | AO3: ='M2-5'!E$18 -> 1.31 | AP3: ='M2-5'!F$11 -> 16 | AQ3: ='M2-5'!G$11 -> 42.125 | AR3: ='M2-5'!H$11 -> 71.25 | AS3: ='M2-5'!I$11 -> 1.14 | AT3: ='M2-5'!F$10 -> 35 | AU3: ='M2-5'!G$10 -> 53.09 | AV3: ='M2-5'!H$10 -> 176 | AW3: ='M2-5'!I$10 -> 4.61 | AX3: ='M2-5'!F$17 -> 10 | AY3: ='M2-5'!G$17 -> 58.8 | AZ3: ='M2-5'!H$17 -> 121 | BA3: ='M2-5'!I$17 -> 1.21 | BB3: ='M2-5'!F$16 -> 12 | BC3: ='M2-5'!G$16 -> 59.17 | BD3: ='M2-5'!H$16 -> 171.67 | BE3: ='M2-5'!I$16 -> 2.06 | BF3: ='M2-5'!F$15 -> 44 | BG3: ='M2-5'!G$15 -> 54.17 | BH3: ='M2-5'!H$15 -> 172 | BI3: ='M2-5'!I$15 -> 7.57
A4: M2-5 2122 | B4: ='M2-5'!L$4 -> 11 | C4: ='M2-5'!M$4 -> 306.36 | D4: ='M2-5'!N$4 -> 1038.18 | E4: ='M2-5'!O$4 -> 11.42 | F4: ='M2-5'!L$5 -> 20 | G4: ='M2-5'!M$5 -> 296 | H4: ='M2-5'!N$5 -> 976 | I4: ='M2-5'!O$5 -> 19.52 | J4: ='M2-5'!L$10 -> 9 | K4: ='M2-5'!M$10 -> 313.33 | L4: ='M2-5'!N$10 -> 1020 | M4: ='M2-5'!O$10 -> 9.18 | N4: ='M2-5'!L$11 -> 19 | O4: ='M2-5'!M$11 -> 280.6 | P4: ='M2-5'!N$11 -> 940 | Q4: ='M2-5'!O$11 -> 17.88 | R4: ='M2-5'!L$12 -> 27 | S4: ='M2-5'!M$12 -> 251.74 | T4: ='M2-5'!N$12 -> 741.11 | U4: ='M2-5'!O$12 -> 20.01 | V4: ='M2-5'!P$5 -> 1 | W4: ='M2-5'!Q$5 -> 74 | X4: ='M2-5'!R$5 -> 170 | Y4: ='M2-5'!S$5 -> 0.17 | Z4: ='M2-5'!P$4 -> 12 | AA4: ='M2-5'!Q$4 -> 65.83 | AB4: ='M2-5'!R$4 -> 124.17 | AC4: ='M2-5'!S$4 -> 1.49 | AD4: ='M2-5'!L$16 -> 7 | AE4: ='M2-5'!M$16 -> 119.28 | AF4: ='M2-5'!N$16 -> 1224.3 | AG4: ='M2-5'!O$16 -> 8.57 | AH4: ='M2-5'!L$17 -> 8 | AI4: ='M2-5'!M$17 -> 136.63 | AJ4: ='M2-5'!N$17 -> 1051.3 | AK4: ='M2-5'!O$17 -> 8.41 | AL4: ='M2-5'!L$18 -> 21 | AM4: ='M2-5'!M$18 -> 104.67 | AN4: ='M2-5'!N$18 -> 722.38 | AO4: ='M2-5'!O$18 -> 15.17 | AP4: ='M2-5'!P$11 -> 6 | AQ4: ='M2-5'!Q$11 -> 30.16 | AR4: ='M2-5'!R$11 -> 46 | AS4: ='M2-5'!S$11 -> 0.28 | AT4: ='M2-5'!P$10 -> 9 | AU4: ='M2-5'!Q$10 -> 58.33 | AV4: ='M2-5'!R$10 -> 75.56 | AW4: ='M2-5'!S$10 -> 0.68 | AX4: ='M2-5'!P$17 -> 7 | AY4: ='M2-5'!Q$17 -> 45.57 | AZ4: ='M2-5'!R$17 -> 92.86 | BA4: ='M2-5'!S$17 -> 0.65 | BB4: ='M2-5'!P$16 -> 9 | BC4: ='M2-5'!Q$16 -> 50.88 | BD4: ='M2-5'!R$16 -> 128.88 | BE4: ='M2-5'!S$16 -> 1.16 | BF4: ='M2-5'!P$15 -> 5 | BG4: ='M2-5'!Q$15 -> 58.6 | BH4: ='M2-5'!R$15 -> 164 | BI4: ='M2-5'!S$15 -> 0.82
A5: M7-10 2114 | B5: ='M7-10'!B$4 -> 15 | C5: ='M7-10'!C$4 -> 177.13 | D5: ='M7-10'!D$4 -> 202 | E5: ='M7-10'!E$4 -> 3.03 | F5: ='M7-10'!B$5 -> 16 | G5: ='M7-10'!C$5 -> 160 | H5: ='M7-10'!D$5 -> 184.375 | I5: ='M7-10'!E$5 -> 2.95 | J5: ='M7-10'!B$10 -> 32 | K5: ='M7-10'!C$10 -> 151.25 | L5: ='M7-10'!D$10 -> 72.906 | M5: ='M7-10'!E$10 -> 2.33 | N5: ='M7-10'!B$11 -> 18 | O5: ='M7-10'!C$11 -> 169.27 | P5: ='M7-10'!D$11 -> 184.4 | Q5: ='M7-10'!E$11 -> 3.32 | R5: ='M7-10'!B$12 -> 40 | S5: ='M7-10'!C$12 -> 180.74 | T5: ='M7-10'!D$12 -> 197.25 | U5: ='M7-10'!E$12 -> 7.89 | V5: ='M7-10'!F$5 -> 16 | W5: ='M7-10'!G$5 -> 33.25 | X5: ='M7-10'!H$5 -> 39.375 | Y5: ='M7-10'!I$5 -> 0.63 | Z5: ='M7-10'!F$4 -> 26 | AA5: ='M7-10'!G$4 -> 40.88 | AB5: ='M7-10'!H$4 -> 65.38 | AC5: ='M7-10'!I$4 -> 1.7 | AD5: ='M7-10'!B$16 -> 10 | AE5: ='M7-10'!C$16 -> 27.4 | AF5: ='M7-10'!D$16 -> 31 | AG5: ='M7-10'!E$16 -> 0.31 | AH5: ='M7-10'!B$17 -> 37 | AI5: ='M7-10'!C$17 -> 36.97 | AJ5: ='M7-10'!D$17 -> 36.22 | AK5: ='M7-10'!E$17 -> 1.34 | AL5: ='M7-10'!B$18 -> 40 | AM5: ='M7-10'!C$18 -> 42.75 | AN5: ='M7-10'!D$18 -> 54.75 | AO5: ='M7-10'!E$18 -> 2.19 | AP5: ='M7-10'!F$11 -> 10 | AQ5: ='M7-10'!G$11 -> 59.5 | AR5: ='M7-10'!H$11 -> 136 | AS5: ='M7-10'!I$11 -> 1.36 | AT5: ='M7-10'!F$10 -> 40 | AU5: ='M7-10'!G$10 -> 47.125 | AV5: ='M7-10'!H$10 -> 86.75 | AW5: ='M7-10'!I$10 -> 3.47 | AX5: ='M7-10'!F$17 -> 19 | AY5: ='M7-10'!G$17 -> 34.84 | AZ5: ='M7-10'!H$17 -> 48.95 | BA5: ='M7-10'!I$17 -> 0.93 | BB5: ='M7-10'!F$16 -> 20 | BC5: ='M7-10'!G$16 -> 42.35 | BD5: ='M7-10'!H$16 -> 121 | BE5: ='M7-10'!I$16 -> 2.42 | BF5: ='M7-10'!F$15 -> 31 | BG5: ='M7-10'!G$15 -> 55.51 | BH5: ='M7-10'!H$15 -> 110.32 | BI5: ='M7-10'!I$15 -> 3.42
A6: M7-10 2122 | B6: ='M7-10'!L$4 -> 10 | C6: ='M7-10'!M$4 -> 178.5 | D6: ='M7-10'!N$4 -> 186 | E6: ='M7-10'!O$4 -> 1.86 | F6: ='M7-10'!L$5 -> 34 | G6: ='M7-10'!M$5 -> 196.4 | H6: ='M7-10'!N$5 -> 204.41 | I6: ='M7-10'!O$5 -> 6.95 | J6: ='M7-10'!L$10 -> 10 | K6: ='M7-10'!M$10 -> 182.2 | L6: ='M7-10'!N$10 -> 280 | M6: ='M7-10'!O$10 -> 2.8 | N6: ='M7-10'!L$11 -> 25 | O6: ='M7-10'!M$11 -> 177 | P6: ='M7-10'!N$11 -> 195.6 | Q6: ='M7-10'!O$11 -> 4.89 | R6: ='M7-10'!L$12 -> 40 | S6: ='M7-10'!M$12 -> 186.775 | T6: ='M7-10'!N$12 -> 206.5 | U6: ='M7-10'!O$12 -> 8.26 | V6: ='M7-10'!P$5 -> 39 | W6: ='M7-10'!Q$5 -> 40.66 | X6: ='M7-10'!R$5 -> 38.97 | Y6: ='M7-10'!S$5 -> 1.52 | Z6: ='M7-10'!P$4 -> 20 | AA6: ='M7-10'!Q$4 -> 58.45 | AB6: ='M7-10'!R$4 -> 138.5 | AC6: ='M7-10'!S$4 -> 2.77 | AD6: ='M7-10'!L$16 -> 10 | AE6: ='M7-10'!M$16 -> 42.2 | AF6: ='M7-10'!N$16 -> 55 | AG6: ='M7-10'!O$16 -> 0.55 | AH6: ='M7-10'!L$17 -> 27 | AI6: ='M7-10'!M$17 -> 3.81 | AJ6: ='M7-10'!N$17 -> 51.85 | AK6: ='M7-10'!O$17 -> 1.4 | AL6: ='M7-10'!L$18 -> 40 | AM6: ='M7-10'!M$18 -> 59.2 | AN6: ='M7-10'!N$18 -> 267.75 | AO6: ='M7-10'!O$18 -> 10.71 | AP6: ='M7-10'!P$11 -> 10 | AQ6: ='M7-10'!Q$11 -> 34 | AR6: ='M7-10'!R$11 -> 60 | AS6: ='M7-10'!S$11 -> 0.6 | AT6: ='M7-10'!P$10 -> 13 | AU6: ='M7-10'!Q$10 -> 5.29 | AV6: ='M7-10'!R$10 -> 173.84 | AW6: ='M7-10'!S$10 -> 2.26 | AX6: ='M7-10'!P$17 -> 14 | AY6: ='M7-10'!Q$17 -> 4.51 | AZ6: ='M7-10'!R$17 -> 113.57 | BA6: ='M7-10'!S$17 -> 1.59 | BB6: ='M7-10'!P$16 -> 18 | BC6: ='M7-10'!Q$16 -> 52.66 | BD6: ='M7-10'!R$16 -> 149.44 | BE6: ='M7-10'!S$16 -> 2.69 | BF6: ='M7-10'!P$15 -> 39 | BG6: ='M7-10'!Q$15 -> 54.43 | BH6: ='M7-10'!R$15 -> 116.15 | BI6: ='M7-10'!S$15 -> 4.53
A7: T9-12 2114 | B7: ='T9-12'!B$4 -> 10 | C7: ='T9-12'!C$4 -> 164.3 | D7: ='T9-12'!D$4 -> 202 | E7: ='T9-12'!E$4 -> 2.02 | F7: ='T9-12'!B$5 -> 20 | G7: ='T9-12'!C$5 -> 158.4 | H7: ='T9-12'!D$5 -> 207.5 | I7: ='T9-12'!E$5 -> 4.15 | J7: ='T9-12'!B$10 -> 11 | K7: ='T9-12'!C$10 -> 173.73 | L7: ='T9-12'!D$10 -> 218 | M7: ='T9-12'!E$10 -> 2.4 | N7: ='T9-12'!B$11 -> 21 | O7: ='T9-12'!C$11 -> 163.48 | P7: ='T9-12'!D$11 -> 168 | Q7: ='T9-12'!E$11 -> 3.53 | R7: ='T9-12'!B$12 -> 29 | S7: ='T9-12'!C$12 -> 167.96 | T7: ='T9-12'!D$12 -> 185.86 | U7: ='T9-12'!E$12 -> 5.39 | V7: ='T9-12'!F$5 -> 6 | W7: ='T9-12'!G$5 -> 25 | X7: ='T9-12'!H$5 -> 30 | Y7: ='T9-12'!I$5 -> 0.18 | Z7: ='T9-12'!F$4 -> 11 | AA7: ='T9-12'!G$4 -> 15.05 | AB7: ='T9-12'!H$4 -> 20.9 | AC7: ='T9-12'!I$4 -> 0.23 | AD7: ='T9-12'!B$16 -> 4 | AE7: ='T9-12'!C$16 -> 31.75 | AF7: ='T9-12'!D$16 -> 35 | AG7: ='T9-12'!E$16 -> 0.14 | AH7: ='T9-12'!B$17 -> 20 | AI7: ='T9-12'!C$17 -> 33.55 | AJ7: ='T9-12'!D$17 -> 52.5 | AK7: ='T9-12'!E$17 -> 1.05 | AL7: ='T9-12'!B$18 -> 13 | AM7: ='T9-12'!C$18 -> 26.3846 | AN7: ='T9-12'!D$18 -> 42.3 | AO7: ='T9-12'!E$18 -> 0.55 | AP7: ='T9-12'!F$11 -> 4 | AQ7: ='T9-12'!G$11 -> 50 | AR7: ='T9-12'!H$11 -> 103 | AS7: ='T9-12'!I$11 -> 0.41 | AT7: ='T9-12'!F$10 -> 18 | AU7: ='T9-12'!G$10 -> 48 | AV7: ='T9-12'!H$10 -> 96 | AW7: ='T9-12'!I$10 -> 1.34 | AX7: ='T9-12'!F$17 -> 8 | AY7: ='T9-12'!G$17 -> 37.875 | AZ7: ='T9-12'!H$17 -> 91 | BA7: ='T9-12'!I$17 -> 0.73 | BB7: ='T9-12'!F$16 -> 12 | BC7: ='T9-12'!G$16 -> 56.25 | BD7: ='T9-12'!H$16 -> 162 | BE7: ='T9-12'!I$16 -> 1.95 | BF7: ='T9-12'!F$15 -> 20 | BG7: ='T9-12'!G$15 -> 44.35 | BH7: ='T9-12'!H$15 -> 95 | BI7: ='T9-12'!I$15 -> 1.9
A8: T9-12 2122 | B8: ='T9-12'!L$4 -> 9 | C8: ='T9-12'!M$4 -> 142.22 | D8: ='T9-12'!N$4 -> 150 | E8: ='T9-12'!O$4 -> 1.35 | F8: ='T9-12'!L$5 -> 20 | G8: ='T9-12'!M$5 -> 161.45 | H8: ='T9-12'!N$5 -> 162 | I8: ='T9-12'!O$5 -> 3.24 | J8: ='T9-12'!L$10 -> 10 | K8: ='T9-12'!M$10 -> 182.9 | L8: ='T9-12'!N$10 -> 192 | M8: ='T9-12'!O$10 -> 1.92 | N8: ='T9-12'!L$11 -> 19 | O8: ='T9-12'!M$11 -> 172 | P8: ='T9-12'!N$11 -> 184.74 | Q8: ='T9-12'!O$11 -> 3.51 | R8: ='T9-12'!L$12 -> 29 | S8: ='T9-12'!M$12 -> 176.38 | T8: ='T9-12'!N$12 -> 173.45 | U8: ='T9-12'!O$12 -> 5.03 | V8: ='T9-12'!P$5 -> 12 | W8: ='T9-12'!Q$5 -> 41.58 | X8: ='T9-12'!R$5 -> 40 | Y8: ='T9-12'!S$5 -> 0.48 | Z8: ='T9-12'!P$4 -> 13 | AA8: ='T9-12'!Q$4 -> 32.31 | AB8: ='T9-12'!R$4 -> 40 | AC8: ='T9-12'!S$4 -> 0.52 | AD8: ='T9-12'!L$16 -> 6 | AE8: ='T9-12'!M$16 -> 36 | AF8: ='T9-12'!N$16 -> 48.3 | AG8: ='T9-12'!O$16 -> 0.29 | AH8: ='T9-12'!L$17 -> 10 | AI8: ='T9-12'!M$17 -> 33.2 | AJ8: ='T9-12'!N$17 -> 35 | AK8: ='T9-12'!O$17 -> 0.35 | AL8: ='T9-12'!L$18 -> 23 | AM8: ='T9-12'!M$18 -> 45.08 | AN8: ='T9-12'!N$18 -> 61.74 | AO8: ='T9-12'!O$18 -> 1.42 | AP8: ='T9-12'!P$11 -> 4 | AQ8: ='T9-12'!Q$11 -> 76.75 | AR8: ='T9-12'!R$11 -> 180 | AS8: ='T9-12'!S$11 -> 0.72 | AT8: ='T9-12'!P$10 -> 14 | AU8: ='T9-12'!Q$10 -> 48.57 | AV8: ='T9-12'!R$10 -> 92.86 | AW8: ='T9-12'!S$10 -> 1.3 | AX8: ='T9-12'!P$17 -> 7 | AY8: ='T9-12'!Q$17 -> 79.29 | AZ8: ='T9-12'!R$17 -> 261.43 | BA8: ='T9-12'!S$17 -> 1.83 | BB8: ='T9-12'!P$16 -> 10 | BC8: ='T9-12'!Q$16 -> 59.1 | BD8: ='T9-12'!R$16 -> 128 | BE8: ='T9-12'!S$16 -> 1.28 | BF8: ='T9-12'!P$15 -> 16 | BG8: ='T9-12'!Q$15 -> 53.56 | BH8: ='T9-12'!R$15 -> 156.25 | BI8: ='T9-12'!S$15 -> 2.5
A9: T2-5 2114 | B9: ='T2-5'!B$4 -> 10 | C9: ='T2-5'!C$4 -> 176 | D9: ='T2-5'!D$4 -> 176 | E9: ='T2-5'!E$4 -> 1.76 | F9: ='T2-5'!B$5 -> 18 | G9: ='T2-5'!C$5 -> 174.6 | H9: ='T2-5'!D$5 -> 170.55 | I9: ='T2-5'!E$5 -> 3.07 | J9: ='T2-5'!B$10 -> 10 | K9: ='T2-5'!C$10 -> 158.9 | L9: ='T2-5'!D$10 -> 169 | M9: ='T2-5'!E$10 -> 1.69 | N9: ='T2-5'!B$11 -> 19 | O9: ='T2-5'!C$11 -> 152.211 | P9: ='T2-5'!D$11 -> 208.947 | Q9: ='T2-5'!E$11 -> 3.97 | R9: ='T2-5'!B$12 -> 28 | S9: ='T2-5'!C$12 -> 171.161 | T9: ='T2-5'!D$12 -> 177.857 | U9: ='T2-5'!E$12 -> 4.98 | V9: ='T2-5'!F$5 -> 9 | W9: ='T2-5'!G$5 -> 25.8 | X9: ='T2-5'!H$5 -> 28.8 | Y9: ='T2-5'!I$5 -> 0.26 | Z9: ='T2-5'!F$4 -> 7 | AA9: ='T2-5'!G$4 -> 27.3 | AB9: ='T2-5'!H$4 -> 38.6 | AC9: ='T2-5'!I$4 -> 0.27 | AD9: ='T2-5'!B$16 -> 7 | AE9: ='T2-5'!C$16 -> 31.86 | AF9: ='T2-5'!D$16 -> 47.14 | AG9: ='T2-5'!E$16 -> 0.33 | AH9: ='T2-5'!B$17 -> 11 | AI9: ='T2-5'!C$17 -> 26.545 | AJ9: ='T2-5'!D$17 -> 32.5 | AK9: ='T2-5'!E$17 -> 0.3575 | AL9: ='T2-5'!B$18 -> 16 | AM9: ='T2-5'!C$18 -> 32.93 | AN9: ='T2-5'!D$18 -> 34.375 | AO9: ='T2-5'!E$18 -> 0.55 | AP9: ='T2-5'!F$11 -> 3 | AQ9: ='T2-5'!G$11 -> 18 | AR9: ='T2-5'!H$11 -> 13.3 | AS9: ='T2-5'!I$11 -> 0.04 | AT9: ='T2-5'!F$10 -> 3 | AU9: ='T2-5'!G$10 -> 41.33 | AV9: ='T2-5'!H$10 -> 173.33 | AW9: ='T2-5'!I$10 -> 0.52 | AX9: ='T2-5'!F$17 -> 5 | AY9: ='T2-5'!G$17 -> 68 | AZ9: ='T2-5'!H$17 -> 186.14 | BA9: ='T2-5'!I$17 -> 0.9307 | BB9: ='T2-5'!F$16 -> 14 | BC9: ='T2-5'!G$16 -> 58.71 | BD9: ='T2-5'!H$16 -> 146.43 | BE9: ='T2-5'!I$16 -> 2.05 | BF9: ='T2-5'!F$15 -> 16 | BG9: ='T2-5'!G$15 -> 52.065 | BH9: ='T2-5'!H$15 -> 133.125 | BI9: ='T2-5'!I$15 -> 2.13
A10: T2-5 2122 | B10: ='T2-5'!L$4 -> 9 | C10: ='T2-5'!M$4 -> 163.33 | D10: ='T2-5'!N$4 -> 223.33 | E10: ='T2-5'!O$4 -> 2.01 | F10: ='T2-5'!L$5 -> 20 | G10: ='T2-5'!M$5 -> 173.9 | H10: ='T2-5'!N$5 -> 214.5 | I10: ='T2-5'!O$5 -> 4.29 | J10: ='T2-5'!L$10 -> 9 | K10: ='T2-5'!M$10 -> 158.33 | L10: ='T2-5'!N$10 -> 183.33 | M10: ='T2-5'!O$10 -> 1.65 | N10: ='T2-5'!L$11 -> 19 | O10: ='T2-5'!M$11 -> 141.1 | P10: ='T2-5'!N$11 -> 151.57 | Q10: ='T2-5'!O$11 -> 2.88 | R10: ='T2-5'!L$12 -> 29 | S10: ='T2-5'!M$12 -> 162.79 | T10: ='T2-5'!N$12 -> 185.17 | U10: ='T2-5'!O$12 -> 5.37 | V10: ='T2-5'!P$5 -> 6 | W10: ='T2-5'!Q$5 -> 35.33 | X10: ='T2-5'!R$5 -> 38.33 | Y10: ='T2-5'!S$5 -> 0.23 | Z10: ='T2-5'!P$4 -> 11 | AA10: ='T2-5'!Q$4 -> 27.54 | AB10: ='T2-5'!R$4 -> 30 | AC10: ='T2-5'!S$4 -> 0.33 | AD10: ='T2-5'!L$16 -> 5 | AE10: ='T2-5'!M$16 -> 3.5 | AF10: ='T2-5'!N$16 -> 34 | AG10: ='T2-5'!O$16 -> 0.17 | AH10: ='T2-5'!L$17 -> 11 | AI10: ='T2-5'!M$17 -> 29.27 | AJ10: ='T2-5'!N$17 -> 31.81 | AK10: ='T2-5'!O$17 -> 0.35 | AL10: ='T2-5'!L$18 -> 23 | AM10: ='T2-5'!M$18 -> 3.5 | AN10: ='T2-5'!N$18 -> 54.78 | AO10: ='T2-5'!O$18 -> 1.26 | AP10: ='T2-5'!P$11 -> 9 | AQ10: ='T2-5'!Q$11 -> 54.55 | AR10: ='T2-5'!R$11 -> 144.44 | AS10: ='T2-5'!S$11 -> 1.3 | AT10: ='T2-5'!P$10 -> 20 | AU10: ='T2-5'!Q$10 -> 51.8 | AV10: ='T2-5'!R$10 -> 135.5 | AW10: ='T2-5'!S$10 -> 2.71 | AX10: ='T2-5'!P$17 -> 7 | AY10: ='T2-5'!Q$17 -> 57 | AZ10: ='T2-5'!R$17 -> 185.71 | BA10: ='T2-5'!S$17 -> 1.3 | BB10: ='T2-5'!P$16 -> 16 | BC10: ='T2-5'!Q$16 -> 5.66 | BD10: ='T2-5'!R$16 -> 131.87 | BE10: ='T2-5'!S$16 -> 2.11 | BF10: ='T2-5'!P$15 -> 17 | BG10: ='T2-5'!Q$15 -> 61.11 | BH10: ='T2-5'!R$15 -> 146.47 | BI10: ='T2-5'!S$15 -> 2.49
A11: T7-10 2114 | B11: ='T7-10'!B$4 -> 9 | C11: ='T7-10'!C$4 -> 157.6 | D11: ='T7-10'!D$4 -> 148.9 | E11: ='T7-10'!E$4 -> 1.34 | F11: ='T7-10'!B$5 -> 20 | G11: ='T7-10'!C$5 -> 165.25 | H11: ='T7-10'!D$5 -> 145 | I11: ='T7-10'!E$5 -> 2.9 | J11: ='T7-10'!B$10 -> na | K11: ='T7-10'!C$10 -> na | L11: ='T7-10'!D$10 -> na | M11: ='T7-10'!E$10 -> na | N11: ='T7-10'!B$11 -> 20 | O11: ='T7-10'!C$11 -> 187.55 | P11: ='T7-10'!D$11 -> 168.485 | Q11: ='T7-10'!E$11 -> 3.3687 | R11: ='T7-10'!B$12 -> 29 | S11: ='T7-10'!C$12 -> 175.72 | T11: ='T7-10'!D$12 -> 184.13 | U11: ='T7-10'!E$12 -> 5.34 | V11: ='T7-10'!F$5 -> 9 | W11: ='T7-10'!G$5 -> 28.1 | X11: ='T7-10'!H$5 -> 33.33 | Y11: ='T7-10'!I$5 -> 0.3 | Z11: ='T7-10'!F$4 -> 14 | AA11: ='T7-10'!G$4 -> 24.76 | AB11: ='T7-10'!H$4 -> 42.857 | AC11: ='T7-10'!I$4 -> 0.6 | AD11: ='T7-10'!B$16 -> 4 | AE11: ='T7-10'!C$16 -> 33 | AF11: ='T7-10'!D$16 -> 42.5 | AG11: ='T7-10'!E$16 -> 0.17 | AH11: ='T7-10'!B$17 -> 13 | AI11: ='T7-10'!C$17 -> 31 | AJ11: ='T7-10'!D$17 -> 30.7 | AK11: ='T7-10'!E$17 -> 0.4 | AL11: ='T7-10'!B$18 -> 27 | AM11: ='T7-10'!C$18 -> 37.85 | AN11: ='T7-10'!D$18 -> 38.9 | AO11: ='T7-10'!E$18 -> 1.05 | AP11: ='T7-10'!F$11 -> 3 | AQ11: ='T7-10'!G$11 -> 56 | AR11: ='T7-10'!H$11 -> 124.6 | AS11: ='T7-10'!I$11 -> 0.3738 | AT11: ='T7-10'!F$10 -> na | AU11: ='T7-10'!G$10 -> na | AV11: ='T7-10'!H$10 -> na | AW11: ='T7-10'!I$10 -> na | AX11: ='T7-10'!F$17 -> 3 | AY11: ='T7-10'!G$17 -> 102 | AZ11: ='T7-10'!H$17 -> 530 | BA11: ='T7-10'!I$17 -> 1.59 | BB11: ='T7-10'!F$16 -> 13 | BC11: ='T7-10'!G$16 -> 51.77 | BD11: ='T7-10'!H$16 -> 113.1 | BE11: ='T7-10'!I$16 -> 1.47 | BF11: ='T7-10'!F$15 -> 16 | BG11: ='T7-10'!G$15 -> 65 | BH11: ='T7-10'!H$15 -> 181.25 | BI11: ='T7-10'!I$15 -> 2.9
A12: T7-10 2122 | B12: ='T7-10'!L$4 -> 8 | C12: ='T7-10'!M$4 -> 187.5 | D12: ='T7-10'!N$4 -> 252.5 | E12: ='T7-10'!O$4 -> 2.02 | F12: ='T7-10'!L$5 -> 16 | G12: ='T7-10'!M$5 -> 143.56 | H12: ='T7-10'!N$5 -> 171.88 | I12: ='T7-10'!O$5 -> 2.75 | J12: ='T7-10'!L$10 -> 10 | K12: ='T7-10'!M$10 -> 152.1 | L12: ='T7-10'!N$10 -> 162 | M12: ='T7-10'!O$10 -> 1.62 | N12: ='T7-10'!L$11 -> 18 | O12: ='T7-10'!M$11 -> 169.78 | P12: ='T7-10'!N$11 -> 162.22 | Q12: ='T7-10'!O$11 -> 2.92 | R12: ='T7-10'!L$12 -> 30 | S12: ='T7-10'!M$12 -> 148.9 | T12: ='T7-10'!N$12 -> 162.67 | U12: ='T7-10'!O$12 -> 4.88 | V12: ='T7-10'!P$5 -> 10 | W12: ='T7-10'!Q$5 -> 27.9 | X12: ='T7-10'!R$5 -> 25 | Y12: ='T7-10'!S$5 -> 0.25 | Z12: ='T7-10'!P$4 -> 16 | AA12: ='T7-10'!Q$4 -> 33.81 | AB12: ='T7-10'!R$4 -> 43.13 | AC12: ='T7-10'!S$4 -> 0.69 | AD12: ='T7-10'!L$16 -> 7 | AE12: ='T7-10'!M$16 -> 39.14 | AF12: ='T7-10'!N$16 -> 52.86 | AG12: ='T7-10'!O$16 -> 0.37 | AH12: ='T7-10'!L$17 -> 13 | AI12: ='T7-10'!M$17 -> 32.75 | AJ12: ='T7-10'!N$17 -> 38.46 | AK12: ='T7-10'!O$17 -> 0.5 | AL12: ='T7-10'!L$18 -> 21 | AM12: ='T7-10'!M$18 -> 32.86 | AN12: ='T7-10'!N$18 -> 40.95 | AO12: ='T7-10'!O$18 -> 0.86 | AP12: ='T7-10'!P$11 -> 9 | AQ12: ='T7-10'!Q$11 -> 67.11 | AR12: ='T7-10'!R$11 -> 187.78 | AS12: ='T7-10'!S$11 -> 1.69 | AT12: ='T7-10'!P$10 -> 14 | AU12: ='T7-10'!Q$10 -> 66.64 | AV12: ='T7-10'!R$10 -> 152.14 | AW12: ='T7-10'!S$10 -> 2.13 | AX12: ='T7-10'!P$17 -> 8 | AY12: ='T7-10'!Q$17 -> 79.06 | AZ12: ='T7-10'!R$17 -> 236.25 | BA12: ='T7-10'!S$17 -> 1.89 | BB12: ='T7-10'!P$16 -> 16 | BC12: ='T7-10'!Q$16 -> 60.88 | BD12: ='T7-10'!R$16 -> 173.75 | BE12: ='T7-10'!S$16 -> 2.78 | BF12: ='T7-10'!P$15 -> 20 | BG12: ='T7-10'!Q$15 -> 3.59 | BH12: ='T7-10'!R$15 -> 105 | BI12: ='T7-10'!S$15 -> 2.1
A13: W9-12 2114 | B13: ='W9-12'!B$4 -> na | C13: ='W9-12'!C$4 -> na | D13: ='W9-12'!D$4 -> na | E13: ='W9-12'!E$4 -> na | F13: ='W9-12'!B$5 -> na | G13: ='W9-12'!C$5 -> na | H13: ='W9-12'!D$5 -> na | I13: ='W9-12'!E$5 -> na | J13: ='W9-12'!B$10 -> na | K13: ='W9-12'!C$10 -> na | L13: ='W9-12'!D$10 -> na | M13: ='W9-12'!E$10 -> na | N13: ='W9-12'!B$11 -> na | O13: ='W9-12'!C$11 -> na | P13: ='W9-12'!D$11 -> na | Q13: ='W9-12'!E$11 -> na | R13: ='W9-12'!B$12 -> na | S13: ='W9-12'!C$12 -> na | T13: ='W9-12'!D$12 -> na | U13: ='W9-12'!E$12 -> na | V13: ='W9-12'!F$5 -> na | W13: ='W9-12'!G$5 -> na | X13: ='W9-12'!H$5 -> na | Y13: ='W9-12'!I$5 -> na | Z13: ='W9-12'!F$4 -> na | AA13: ='W9-12'!G$4 -> na | AB13: ='W9-12'!H$4 -> na | AC13: ='W9-12'!I$4 -> na | AD13: ='W9-12'!B$16 -> na | AE13: ='W9-12'!C$16 -> na | AF13: ='W9-12'!D$16 -> na | AG13: ='W9-12'!E$16 -> na | AH13: ='W9-12'!B$17 -> na | AI13: ='W9-12'!C$17 -> na | AJ13: ='W9-12'!D$17 -> na | AK13: ='W9-12'!E$17 -> na | AL13: ='W9-12'!B$18 -> na | AM13: ='W9-12'!C$18 -> na | AN13: ='W9-12'!D$18 -> na | AO13: ='W9-12'!E$18 -> na | AP13: ='W9-12'!F$11 -> na | AQ13: ='W9-12'!G$11 -> na | AR13: ='W9-12'!H$11 -> na | AS13: ='W9-12'!I$11 -> na | AT13: ='W9-12'!F$10 -> na | AU13: ='W9-12'!G$10 -> na | AV13: ='W9-12'!H$10 -> na | AW13: ='W9-12'!I$10 -> na | AX13: ='W9-12'!F$17 -> na | AY13: ='W9-12'!G$17 -> na | AZ13: ='W9-12'!H$17 -> na | BA13: ='W9-12'!I$17 -> na | BB13: ='W9-12'!F$16 -> na | BC13: ='W9-12'!G$16 -> na | BD13: ='W9-12'!H$16 -> na | BE13: ='W9-12'!I$16 -> na | BF13: ='W9-12'!F$15 -> na | BG13: ='W9-12'!G$15 -> na | BH13: ='W9-12'!H$15 -> na | BI13: ='W9-12'!I$15 -> na
A14: W9-12 2122 | B14: ='W9-12'!L$4 -> 10 | C14: ='W9-12'!M$4 -> 188.5 | D14: ='W9-12'!N$4 -> 271 | E14: ='W9-12'!O$4 -> 2.71 | F14: ='W9-12'!L$5 -> 19 | G14: ='W9-12'!M$5 -> 161.84 | H14: ='W9-12'!N$5 -> 183.68 | I14: ='W9-12'!O$5 -> 3.49 | J14: ='W9-12'!L$10 -> 10 | K14: ='W9-12'!M$10 -> 180.5 | L14: ='W9-12'!N$10 -> 240 | M14: ='W9-12'!O$10 -> 2.4 | N14: ='W9-12'!L$11 -> 19 | O14: ='W9-12'!M$11 -> 164.5 | P14: ='W9-12'!N$11 -> 389.47 | Q14: ='W9-12'!O$11 -> 7.4 | R14: ='W9-12'!L$12 -> 25 | S14: ='W9-12'!M$12 -> 154.48 | T14: ='W9-12'!N$12 -> 182 | U14: ='W9-12'!O$12 -> 4.55 | V14: ='W9-12'!P$5 -> 4 | W14: ='W9-12'!Q$5 -> 30 | X14: ='W9-12'!R$5 -> 57.5 | Y14: ='W9-12'!S$5 -> 0.23 | Z14: ='W9-12'!P$4 -> 13 | AA14: ='W9-12'!Q$4 -> 33.769 | AB14: ='W9-12'!R$4 -> 39.23 | AC14: ='W9-12'!S$4 -> 0.51 | AD14: ='W9-12'!L$16 -> 7 | AE14: ='W9-12'!M$16 -> 39.6 | AF14: ='W9-12'!N$16 -> 14 | AG14: ='W9-12'!O$16 -> 0.1 | AH14: ='W9-12'!L$17 -> 8 | AI14: ='W9-12'!M$17 -> 42.25 | AJ14: ='W9-12'!N$17 -> 57.5 | AK14: ='W9-12'!O$17 -> 0.46 | AL14: ='W9-12'!L$18 -> na | AM14: ='W9-12'!M$18 -> na | AN14: ='W9-12'!N$18 -> na | AO14: ='W9-12'!O$18 -> na | AP14: ='W9-12'!P$11 -> 5 | AQ14: ='W9-12'!Q$11 -> 76.7 | AR14: ='W9-12'!R$11 -> 190 | AS14: ='W9-12'!S$11 -> 0.95 | AT14: ='W9-12'!P$10 -> 14 | AU14: ='W9-12'!Q$10 -> 46.57 | AV14: ='W9-12'!R$10 -> 112.857 | AW14: ='W9-12'!S$10 -> 1.58 | AX14: ='W9-12'!P$17 -> 10 | AY14: ='W9-12'!Q$17 -> 41.7 | AZ14: ='W9-12'!R$17 -> 45 | BA14: ='W9-12'!S$17 -> 0.45 | BB14: ='W9-12'!P$16 -> 17 | BC14: ='W9-12'!Q$16 -> 48.5 | BD14: ='W9-12'!R$16 -> 55 | BE14: ='W9-12'!S$16 -> 0.93 | BF14: ='W9-12'!P$15 -> 20 | BG14: ='W9-12'!Q$15 -> 66.725 | BH14: ='W9-12'!R$15 -> 154.5 | BI14: ='W9-12'!S$15 -> 3.09
A15: W2-5 2114 | B15: ='W2-5'!B$4 -> na | C15: ='W2-5'!C$4 -> na | D15: ='W2-5'!D$4 -> na | E15: ='W2-5'!E$4 -> na | F15: ='W2-5'!B$5 -> na | G15: ='W2-5'!C$5 -> na | H15: ='W2-5'!D$5 -> na | I15: ='W2-5'!E$5 -> na | J15: ='W2-5'!B$10 -> na | K15: ='W2-5'!C$10 -> na | L15: ='W2-5'!D$10 -> na | M15: ='W2-5'!E$10 -> na | N15: ='W2-5'!B$11 -> na | O15: ='W2-5'!C$11 -> na | P15: ='W2-5'!D$11 -> na | Q15: ='W2-5'!E$11 -> na | R15: ='W2-5'!B$12 -> na | S15: ='W2-5'!C$12 -> na | T15: ='W2-5'!D$12 -> na | U15: ='W2-5'!E$12 -> na | V15: ='W2-5'!F$5 -> na | W15: ='W2-5'!G$5 -> na | X15: ='W2-5'!H$5 -> na | Y15: ='W2-5'!I$5 -> na | Z15: ='W2-5'!F$4 -> na | AA15: ='W2-5'!G$4 -> na | AB15: ='W2-5'!H$4 -> na | AC15: ='W2-5'!I$4 -> na | AD15: ='W2-5'!B$16 -> na | AE15: ='W2-5'!C$16 -> na | AF15: ='W2-5'!D$16 -> na | AG15: ='W2-5'!E$16 -> na | AH15: ='W2-5'!B$17 -> na | AI15: ='W2-5'!C$17 -> na | AJ15: ='W2-5'!D$17 -> na | AK15: ='W2-5'!E$17 -> na | AL15: ='W2-5'!B$18 -> na | AM15: ='W2-5'!C$18 -> na | AN15: ='W2-5'!D$18 -> na | AO15: ='W2-5'!E$18 -> na | AP15: ='W2-5'!F$11 -> na | AQ15: ='W2-5'!G$11 -> na | AR15: ='W2-5'!H$11 -> na | AS15: ='W2-5'!I$11 -> na | AT15: ='W2-5'!F$10 -> na | AU15: ='W2-5'!G$10 -> na | AV15: ='W2-5'!H$10 -> na | AW15: ='W2-5'!I$10 -> na | AX15: ='W2-5'!F$17 -> na | AY15: ='W2-5'!G$17 -> na | AZ15: ='W2-5'!H$17 -> na | BA15: ='W2-5'!I$17 -> na | BB15: ='W2-5'!F$16 -> na | BC15: ='W2-5'!G$16 -> na | BD15: ='W2-5'!H$16 -> na | BE15: ='W2-5'!I$16 -> na | BF15: ='W2-5'!F$15 -> na | BG15: ='W2-5'!G$15 -> na | BH15: ='W2-5'!H$15 -> na | BI15: ='W2-5'!I$15 -> na
A16: W2-5 2122 | B16: ='W2-5'!L$4 -> 10 | C16: ='W2-5'!M$4 -> 133.5 | D16: ='W2-5'!N$4 -> 180 | E16: ='W2-5'!O$4 -> 1.8 | F16: ='W2-5'!L$5 -> 20 | G16: ='W2-5'!M$5 -> 147.6 | H16: ='W2-5'!N$5 -> 185.5 | I16: ='W2-5'!O$5 -> 3.71 | J16: ='W2-5'!L$10 -> 10 | K16: ='W2-5'!M$10 -> 153.6 | L16: ='W2-5'!N$10 -> 157 | M16: ='W2-5'!O$10 -> 1.57 | N16: ='W2-5'!L$11 -> 18 | O16: ='W2-5'!M$11 -> 146.72 | P16: ='W2-5'!N$11 -> 160.55 | Q16: ='W2-5'!O$11 -> 2.89 | R16: ='W2-5'!L$12 -> 30 | S16: ='W2-5'!M$12 -> 162 | T16: ='W2-5'!N$12 -> 163.33 | U16: ='W2-5'!O$12 -> 4.9 | V16: ='W2-5'!P$5 -> 7 | W16: ='W2-5'!Q$5 -> 37.5 | X16: ='W2-5'!R$5 -> 34.29 | Y16: ='W2-5'!S$5 -> 0.24 | Z16: ='W2-5'!P$4 -> 13 | AA16: ='W2-5'!Q$4 -> 37 | AB16: ='W2-5'!R$4 -> 46 | AC16: ='W2-5'!S$4 -> 0.6 | AD16: ='W2-5'!L$16 -> na | AE16: ='W2-5'!M$16 -> na | AF16: ='W2-5'!N$16 -> na | AG16: ='W2-5'!O$16 -> na | AH16: ='W2-5'!L$17 -> 8 | AI16: ='W2-5'!M$17 -> 69.25 | AJ16: ='W2-5'!N$17 -> 126.25 | AK16: ='W2-5'!O$17 -> 1.01 | AL16: ='W2-5'!L$18 -> 17 | AM16: ='W2-5'!M$18 -> 33.35 | AN16: ='W2-5'!N$18 -> 40 | AO16: ='W2-5'!O$18 -> 0.68 | AP16: ='W2-5'!P$11 -> 10 | AQ16: ='W2-5'!Q$11 -> 50.93 | AR16: ='W2-5'!R$11 -> 78 | AS16: ='W2-5'!S$11 -> 0.78 | AT16: ='W2-5'!P$10 -> 12 | AU16: ='W2-5'!Q$10 -> 38.25 | AV16: ='W2-5'!R$10 -> 102.5 | AW16: ='W2-5'!S$10 -> 1.23 | AX16: ='W2-5'!P$17 -> 7 | AY16: ='W2-5'!Q$17 -> 35 | AZ16: ='W2-5'!R$17 -> 24.3 | BA16: ='W2-5'!S$17 -> 0.17 | BB16: ='W2-5'!P$16 -> 14 | BC16: ='W2-5'!Q$16 -> 68 | BD16: ='W2-5'!R$16 -> 85.7 | BE16: ='W2-5'!S$16 -> 1.2 | BF16: ='W2-5'!P$15 -> 22 | BG16: ='W2-5'!Q$15 -> 52.4 | BH16: ='W2-5'!R$15 -> 82.3 | BI16: ='W2-5'!S$15 -> 1.81
A17: W7-10 2114 | B17: ='W7-10'!B$4 -> 10 | C17: ='W7-10'!C$4 -> 180.7 | D17: ='W7-10'!D$4 -> 220 | E17: ='W7-10'!E$4 -> 2.2 | F17: ='W7-10'!B$5 -> 30 | G17: ='W7-10'!C$5 -> 162.83 | H17: ='W7-10'!D$5 -> 120.67 | I17: ='W7-10'!E$5 -> 3.62 | J17: ='W7-10'!B$10 -> 10 | K17: ='W7-10'!C$10 -> 167.5 | L17: ='W7-10'!D$10 -> 148 | M17: ='W7-10'!E$10 -> 1.48 | N17: ='W7-10'!B$11 -> 18 | O17: ='W7-10'!C$11 -> 175.5 | P17: ='W7-10'!D$11 -> 177.7 | Q17: ='W7-10'!E$11 -> 3.2 | R17: ='W7-10'!B$12 -> 30 | S17: ='W7-10'!C$12 -> 166.03 | T17: ='W7-10'!D$12 -> 179 | U17: ='W7-10'!E$12 -> 5.37 | V17: ='W7-10'!F$5 -> 7 | W17: ='W7-10'!G$5 -> 28.86 | X17: ='W7-10'!H$5 -> 44.29 | Y17: ='W7-10'!I$5 -> 0.31 | Z17: ='W7-10'!F$4 -> 12 | AA17: ='W7-10'!G$4 -> 36 | AB17: ='W7-10'!H$4 -> 42.5 | AC17: ='W7-10'!I$4 -> 0.51 | AD17: ='W7-10'!B$16 -> 4 | AE17: ='W7-10'!C$16 -> 62.11 | AF17: ='W7-10'!D$16 -> 164.44 | AG17: ='W7-10'!E$16 -> 2.96 | AH17: ='W7-10'!B$17 -> 17 | AI17: ='W7-10'!C$17 -> 37.765 | AJ17: ='W7-10'!D$17 -> 40 | AK17: ='W7-10'!E$17 -> 0.68 | AL17: ='W7-10'!B$18 -> 35 | AM17: ='W7-10'!C$18 -> 36.03 | AN17: ='W7-10'!D$18 -> 45.14 | AO17: ='W7-10'!E$18 -> 1.58 | AP17: ='W7-10'!F$11 -> 3 | AQ17: ='W7-10'!G$11 -> 55 | AR17: ='W7-10'!H$11 -> 143.33 | AS17: ='W7-10'!I$11 -> 0.43 | AT17: ='W7-10'!F$10 -> 15 | AU17: ='W7-10'!G$10 -> 35.66 | AV17: ='W7-10'!H$10 -> 106.66 | AW17: ='W7-10'!I$10 -> 1.6 | AX17: ='W7-10'!F$17 -> 13 | AY17: ='W7-10'!G$17 -> 59.846 | AZ17: ='W7-10'!H$17 -> 151.538 | BA17: ='W7-10'!I$17 -> 1.97 | BB17: ='W7-10'!F$16 -> 18 | BC17: ='W7-10'!G$16 -> 29.86 | BD17: ='W7-10'!H$16 -> 42.86 | BE17: ='W7-10'!I$16 -> 0.3 | BF17: ='W7-10'!F$15 -> 21 | BG17: ='W7-10'!G$15 -> 49.48 | BH17: ='W7-10'!H$15 -> 143.33 | BI17: ='W7-10'!I$15 -> 3.01
A18: W7-10 2122 | B18: ='W7-10'!L$4 -> 9 | C18: ='W7-10'!M$4 -> 179.33 | D18: ='W7-10'!N$4 -> 255.56 | E18: ='W7-10'!O$4 -> 2.3 | F18: ='W7-10'!L$5 -> 20 | G18: ='W7-10'!M$5 -> 169.2 | H18: ='W7-10'!N$5 -> 193.5 | I18: ='W7-10'!O$5 -> 3.87 | J18: ='W7-10'!L$10 -> 9 | K18: ='W7-10'!M$10 -> 159.44 | L18: ='W7-10'!N$10 -> 224.44 | M18: ='W7-10'!O$10 -> 2.02 | N18: ='W7-10'!L$11 -> 20 | O18: ='W7-10'!M$11 -> 169.25 | P18: ='W7-10'!N$11 -> 213.5 | Q18: ='W7-10'!O$11 -> 4.27 | R18: ='W7-10'!L$12 -> na | S18: ='W7-10'!M$12 -> na | T18: ='W7-10'!N$12 -> na | U18: ='W7-10'!O$12 -> na | V18: ='W7-10'!P$5 -> 6 | W18: ='W7-10'!Q$5 -> 39.67 | X18: ='W7-10'!R$5 -> 57.83 | Y18: ='W7-10'!S$5 -> 0.3469 | Z18: ='W7-10'!P$4 -> 15 | AA18: ='W7-10'!Q$4 -> 42.73 | AB18: ='W7-10'!R$4 -> 37.33 | AC18: ='W7-10'!S$4 -> 0.56 | AD18: ='W7-10'!L$16 -> 9 | AE18: ='W7-10'!M$16 -> 41 | AF18: ='W7-10'!N$16 -> 44.44 | AG18: ='W7-10'!O$16 -> 0.4 | AH18: ='W7-10'!L$17 -> 16 | AI18: ='W7-10'!M$17 -> 32.625 | AJ18: ='W7-10'!N$17 -> 37.5 | AK18: ='W7-10'!O$17 -> 0.6 | AL18: ='W7-10'!L$18 -> 23 | AM18: ='W7-10'!M$18 -> 38.52 | AN18: ='W7-10'!N$18 -> 54.78 | AO18: ='W7-10'!O$18 -> 1.26 | AP18: ='W7-10'!P$11 -> 6 | AQ18: ='W7-10'!Q$11 -> 62.667 | AR18: ='W7-10'!R$11 -> 176.667 | AS18: ='W7-10'!S$11 -> 1.06 | AT18: ='W7-10'!P$10 -> 15 | AU18: ='W7-10'!Q$10 -> 73.267 | AV18: ='W7-10'!R$10 -> 207.33 | AW18: ='W7-10'!S$10 -> 3.11 | AX18: ='W7-10'!P$17 -> 8 | AY18: ='W7-10'!Q$17 -> 86.5 | AZ18: ='W7-10'!R$17 -> 296.25 | BA18: ='W7-10'!S$17 -> 2.37 | BB18: ='W7-10'!P$16 -> 16 | BC18: ='W7-10'!Q$16 -> 74.94 | BD18: ='W7-10'!R$16 -> 185 | BE18: ='W7-10'!S$16 -> 2.96 | BF18: ='W7-10'!P$15 -> 20 | BG18: ='W7-10'!Q$15 -> 55.45 | BH18: ='W7-10'!R$15 -> 127 | BI18: ='W7-10'!S$15 -> 2.54
A19: Th9-12 2114 | B19: ='Th9-12'!B$4 -> 10 | C19: ='Th9-12'!C$4 -> 155.5 | D19: ='Th9-12'!D$4 -> 163 | E19: ='Th9-12'!E$4 -> 1.63 | F19: ='Th9-12'!B$5 -> 19 | G19: ='Th9-12'!C$5 -> 165.579 | H19: ='Th9-12'!D$5 -> 201.05 | I19: ='Th9-12'!E$5 -> 3.82 | J19: ='Th9-12'!B$10 -> 9 | K19: ='Th9-12'!C$10 -> 191.11 | L19: ='Th9-12'!D$10 -> 226.67 | M19: ='Th9-12'!E$10 -> 2.04 | N19: ='Th9-12'!B$11 -> 18 | O19: ='Th9-12'!C$11 -> 170.22 | P19: ='Th9-12'!D$11 -> 179.444 | Q19: ='Th9-12'!E$11 -> 3.23 | R19: ='Th9-12'!B$12 -> 30 | S19: ='Th9-12'!C$12 -> 130.667 | T19: ='Th9-12'!D$12 -> 196.667 | U19: ='Th9-12'!E$12 -> 5.9 | V19: ='Th9-12'!F$5 -> 9 | W19: ='Th9-12'!G$5 -> 40.889 | X19: ='Th9-12'!H$5 -> 36.67 | Y19: ='Th9-12'!I$5 -> 0.33 | Z19: ='Th9-12'!F$4 -> 19 | AA19: ='Th9-12'!G$4 -> 35.05 | AB19: ='Th9-12'!H$4 -> 45.26 | AC19: ='Th9-12'!I$4 -> 0.86 | AD19: ='Th9-12'!B$16 -> 7 | AE19: ='Th9-12'!C$16 -> 31 | AF19: ='Th9-12'!D$16 -> 41.429 | AG19: ='Th9-12'!E$16 -> 0.29 | AH19: ='Th9-12'!B$17 -> 14 | AI19: ='Th9-12'!C$17 -> 33.93 | AJ19: ='Th9-12'!D$17 -> 41.43 | AK19: ='Th9-12'!E$17 -> 0.58 | AL19: ='Th9-12'!B$18 -> 24 | AM19: ='Th9-12'!C$18 -> 26.91 | AN19: ='Th9-12'!D$18 -> 44.583 | AO19: ='Th9-12'!E$18 -> 1.07 | AP19: ='Th9-12'!F$11 -> 10 | AQ19: ='Th9-12'!G$11 -> 34.8 | AR19: ='Th9-12'!H$11 -> 44 | AS19: ='Th9-12'!I$11 -> 0.44 | AT19: ='Th9-12'!F$10 -> 13 | AU19: ='Th9-12'!G$10 -> 58.46 | AV19: ='Th9-12'!H$10 -> 174.62 | AW19: ='Th9-12'!I$10 -> 2.27 | AX19: ='Th9-12'!F$17 -> 4 | AY19: ='Th9-12'!G$17 -> 73.5 | AZ19: ='Th9-12'!H$17 -> 172.5 | BA19: ='Th9-12'!I$17 -> 0.69 | BB19: ='Th9-12'!F$16 -> 14 | BC19: ='Th9-12'!G$16 -> 57.79 | BD19: ='Th9-12'!H$16 -> 234.29 | BE19: ='Th9-12'!I$16 -> 3.28 | BF19: ='Th9-12'!F$15 -> 40 | BG19: ='Th9-12'!G$15 -> 47.5 | BH19: ='Th9-12'!H$15 -> 82.75 | BI19: ='Th9-12'!I$15 -> 3.31
A20: Th9-12 2122 | B20: ='Th9-12'!L$4 -> 10 | C20: ='Th9-12'!M$4 -> 167.5 | D20: ='Th9-12'!N$4 -> 185 | E20: ='Th9-12'!O$4 -> 1.85 | F20: ='Th9-12'!L$5 -> 27 | G20: ='Th9-12'!M$5 -> 162.9 | H20: ='Th9-12'!N$5 -> 163.48 | I20: ='Th9-12'!O$5 -> 4.414 | J20: ='Th9-12'!L$10 -> na | K20: ='Th9-12'!M$10 -> na | L20: ='Th9-12'!N$10 -> na | M20: ='Th9-12'!O$10 -> na | N20: ='Th9-12'!L$11 -> 20 | O20: ='Th9-12'!M$11 -> 165.25 | P20: ='Th9-12'!N$11 -> 173 | Q20: ='Th9-12'!O$11 -> 3.46 | R20: ='Th9-12'!L$12 -> 30 | S20: ='Th9-12'!M$12 -> 155.16 | T20: ='Th9-12'!N$12 -> 180 | U20: ='Th9-12'!O$12 -> 5.4 | V20: ='Th9-12'!P$5 -> 14 | W20: ='Th9-12'!Q$5 -> 29.5 | X20: ='Th9-12'!R$5 -> 29.28 | Y20: ='Th9-12'!S$5 -> 0.41 | Z20: ='Th9-12'!P$4 -> 15 | AA20: ='Th9-12'!Q$4 -> 33.4 | AB20: ='Th9-12'!R$4 -> 37.3 | AC20: ='Th9-12'!S$4 -> 0.56 | AD20: ='Th9-12'!L$16 -> 5 | AE20: ='Th9-12'!M$16 -> 27.5 | AF20: ='Th9-12'!N$16 -> 36 | AG20: ='Th9-12'!O$16 -> 0.18 | AH20: ='Th9-12'!L$17 -> 15 | AI20: ='Th9-12'!M$17 -> 36.867 | AJ20: ='Th9-12'!N$17 -> 35.33 | AK20: ='Th9-12'!O$17 -> 0.53 | AL20: ='Th9-12'!L$18 -> 26 | AM20: ='Th9-12'!M$18 -> 30.192 | AN20: ='Th9-12'!N$18 -> 51.1538 | AO20: ='Th9-12'!O$18 -> 1.33 | AP20: ='Th9-12'!P$11 -> 7 | AQ20: ='Th9-12'!Q$11 -> 65.14 | AR20: ='Th9-12'!R$11 -> 218.57 | AS20: ='Th9-12'!S$11 -> 1.53 | AT20: ='Th9-12'!P$10 -> na | AU20: ='Th9-12'!Q$10 -> na | AV20: ='Th9-12'!R$10 -> na | AW20: ='Th9-12'!S$10 -> na | AX20: ='Th9-12'!P$17 -> 6 | AY20: ='Th9-12'!Q$17 -> 70 | AZ20: ='Th9-12'!R$17 -> 146.67 | BA20: ='Th9-12'!S$17 -> 0.88 | BB20: ='Th9-12'!P$16 -> 19 | BC20: ='Th9-12'!Q$16 -> 47.08 | BD20: ='Th9-12'!R$16 -> 125.26 | BE20: ='Th9-12'!S$16 -> 2.38 | BF20: ='Th9-12'!P$15 -> 26 | BG20: ='Th9-12'!Q$15 -> 41.88 | BH20: ='Th9-12'!R$15 -> 121.53 | BI20: ='Th9-12'!S$15 -> 3.16
A21: Th2-5 2114 | B21: ='Th2-5'!B$4 -> 10 | C21: ='Th2-5'!C$4 -> 130.8 | D21: ='Th2-5'!D$4 -> 181 | E21: ='Th2-5'!E$4 -> 1.81 | F21: ='Th2-5'!B$5 -> 19 | G21: ='Th2-5'!C$5 -> 138.26 | H21: ='Th2-5'!D$5 -> 207.89 | I21: ='Th2-5'!E$5 -> 3.95 | J21: ='Th2-5'!B$10 -> 10 | K21: ='Th2-5'!C$10 -> 149 | L21: ='Th2-5'!D$10 -> 169 | M21: ='Th2-5'!E$10 -> 1.69 | N21: ='Th2-5'!B$11 -> 22 | O21: ='Th2-5'!C$11 -> 169 | P21: ='Th2-5'!D$11 -> 170.9 | Q21: ='Th2-5'!E$11 -> 3.76 | R21: ='Th2-5'!B$12 -> 30 | S21: ='Th2-5'!C$12 -> 61.1 | T21: ='Th2-5'!D$12 -> 226 | U21: ='Th2-5'!E$12 -> 6.78 | V21: ='Th2-5'!F$5 -> 7 | W21: ='Th2-5'!G$5 -> 21.71 | X21: ='Th2-5'!H$5 -> 21.43 | Y21: ='Th2-5'!I$5 -> 0.15 | Z21: ='Th2-5'!F$4 -> 15 | AA21: ='Th2-5'!G$4 -> 31.33 | AB21: ='Th2-5'!H$4 -> 45.33 | AC21: ='Th2-5'!I$4 -> 0.68 | AD21: ='Th2-5'!B$16 -> 16 | AE21: ='Th2-5'!C$16 -> 50.68 | AF21: ='Th2-5'!D$16 -> 143 | AG21: ='Th2-5'!E$16 -> 2.29 | AH21: ='Th2-5'!B$17 -> 6 | AI21: ='Th2-5'!C$17 -> 38.3 | AJ21: ='Th2-5'!D$17 -> 183.3 | AK21: ='Th2-5'!E$17 -> 1.1 | AL21: ='Th2-5'!B$18 -> 22 | AM21: ='Th2-5'!C$18 -> 30 | AN21: ='Th2-5'!D$18 -> 36.8 | AO21: ='Th2-5'!E$18 -> 0.81 | AP21: ='Th2-5'!F$11 -> 11 | AQ21: ='Th2-5'!G$11 -> 4.84 | AR21: ='Th2-5'!H$11 -> 89 | AS21: ='Th2-5'!I$11 -> 0.98 | AT21: ='Th2-5'!F$10 -> 18 | AU21: ='Th2-5'!G$10 -> 33.94 | AV21: ='Th2-5'!H$10 -> 51.67 | AW21: ='Th2-5'!I$10 -> 0.93 | AX21: ='Th2-5'!F$17 -> 13 | AY21: ='Th2-5'!G$17 -> 28.538 | AZ21: ='Th2-5'!H$17 -> 41.538 | BA21: ='Th2-5'!I$17 -> 0.54 | BB21: ='Th2-5'!F$16 -> 9 | BC21: ='Th2-5'!G$16 -> 25.4 | BD21: ='Th2-5'!H$16 -> 33.3 | BE21: ='Th2-5'!I$16 -> 0.3 | BF21: ='Th2-5'!F$15 -> 22 | BG21: ='Th2-5'!G$15 -> 2.15 | BH21: ='Th2-5'!H$15 -> 85 | BI21: ='Th2-5'!I$15 -> 1.88
A22: Th2-5 2122 | B22: ='Th2-5'!L$4 -> 10 | C22: ='Th2-5'!M$4 -> 142.5 | D22: ='Th2-5'!N$4 -> 119 | E22: ='Th2-5'!O$4 -> 1.19 | F22: ='Th2-5'!L$5 -> 20 | G22: ='Th2-5'!M$5 -> 187.4 | H22: ='Th2-5'!N$5 -> 188 | I22: ='Th2-5'!O$5 -> 3.76 | J22: ='Th2-5'!L$10 -> 8 | K22: ='Th2-5'!M$10 -> 170.5 | L22: ='Th2-5'!N$10 -> 125 | M22: ='Th2-5'!O$10 -> 1 | N22: ='Th2-5'!L$11 -> 20 | O22: ='Th2-5'!M$11 -> 149.7 | P22: ='Th2-5'!N$11 -> 208 | Q22: ='Th2-5'!O$11 -> 4.16 | R22: ='Th2-5'!L$12 -> 30 | S22: ='Th2-5'!M$12 -> 177.23 | T22: ='Th2-5'!N$12 -> 199.3 | U22: ='Th2-5'!O$12 -> 5.98 | V22: ='Th2-5'!P$5 -> 8 | W22: ='Th2-5'!Q$5 -> 38 | X22: ='Th2-5'!R$5 -> 31 | Y22: ='Th2-5'!S$5 -> 0.248 | Z22: ='Th2-5'!P$4 -> 20 | AA22: ='Th2-5'!Q$4 -> 25 | AB22: ='Th2-5'!R$4 -> 40.5 | AC22: ='Th2-5'!S$4 -> 0.81 | AD22: ='Th2-5'!L$16 -> 7 | AE22: ='Th2-5'!M$16 -> 34 | AF22: ='Th2-5'!N$16 -> 33.4 | AG22: ='Th2-5'!O$16 -> 0.234 | AH22: ='Th2-5'!L$17 -> 17 | AI22: ='Th2-5'!M$17 -> 37.65 | AJ22: ='Th2-5'!N$17 -> 57.06 | AK22: ='Th2-5'!O$17 -> 0.97 | AL22: ='Th2-5'!L$18 -> 29 | AM22: ='Th2-5'!M$18 -> 35.267 | AN22: ='Th2-5'!N$18 -> 48.67 | AO22: ='Th2-5'!O$18 -> 1.46 | AP22: ='Th2-5'!P$11 -> 6 | AQ22: ='Th2-5'!Q$11 -> 71.67 | AR22: ='Th2-5'!R$11 -> 211.67 | AS22: ='Th2-5'!S$11 -> 1.27 | AT22: ='Th2-5'!P$10 -> 14 | AU22: ='Th2-5'!Q$10 -> 49.2 | AV22: ='Th2-5'!R$10 -> 90 | AW22: ='Th2-5'!S$10 -> 1.26 | AX22: ='Th2-5'!P$17 -> 16 | AY22: ='Th2-5'!Q$17 -> 40.3125 | AZ22: ='Th2-5'!R$17 -> 81.25 | BA22: ='Th2-5'!S$17 -> 1.3 | BB22: ='Th2-5'!P$16 -> 14 | BC22: ='Th2-5'!Q$16 -> 55.57 | BD22: ='Th2-5'!R$16 -> 122.15 | BE22: ='Th2-5'!S$16 -> 1.71 | BF22: ='Th2-5'!P$15 -> 25 | BG22: ='Th2-5'!Q$15 -> 50.75 | BH22: ='Th2-5'!R$15 -> 144.8 | BI22: ='Th2-5'!S$15 -> 3.62
A23: Th7-10 2114 | B23: ='Th7-10'!B$4 -> 7 | C23: ='Th7-10'!C$4 -> 167.1 | D23: ='Th7-10'!D$4 -> 217.1 | E23: ='Th7-10'!E$4 -> 1.52 | F23: ='Th7-10'!B$5 -> 19 | G23: ='Th7-10'!C$5 -> 173.89 | H23: ='Th7-10'!D$5 -> 198.95 | I23: ='Th7-10'!E$5 -> 3.78 | J23: ='Th7-10'!B$10 -> 15 | K23: ='Th7-10'!C$10 -> 149.67 | L23: ='Th7-10'!D$10 -> 117 | M23: ='Th7-10'!E$10 -> 1.75 | N23: ='Th7-10'!B$11 -> 20 | O23: ='Th7-10'!C$11 -> 142.15 | P23: ='Th7-10'!D$11 -> 210 | Q23: ='Th7-10'!E$11 -> 4.2 | R23: ='Th7-10'!B$12 -> 31 | S23: ='Th7-10'!C$12 -> 175.9 | T23: ='Th7-10'!D$12 -> 190.9 | U23: ='Th7-10'!E$12 -> 5.92 | V23: ='Th7-10'!F$5 -> 8 | W23: ='Th7-10'!G$5 -> 27.125 | X23: ='Th7-10'!H$5 -> 22.5 | Y23: ='Th7-10'!I$5 -> 0.18 | Z23: ='Th7-10'!F$4 -> 14 | AA23: ='Th7-10'!G$4 -> 42.1 | AB23: ='Th7-10'!H$4 -> 52.9 | AC23: ='Th7-10'!I$4 -> 0.74 | AD23: ='Th7-10'!B$16 -> 8 | AE23: ='Th7-10'!C$16 -> 28.625 | AF23: ='Th7-10'!D$16 -> 37.5 | AG23: ='Th7-10'!E$16 -> 0.3 | AH23: ='Th7-10'!B$17 -> 12 | AI23: ='Th7-10'!C$17 -> 43.3 | AJ23: ='Th7-10'!D$17 -> 45 | AK23: ='Th7-10'!E$17 -> 0.54 | AL23: ='Th7-10'!B$18 -> 22 | AM23: ='Th7-10'!C$18 -> 38.136 | AN23: ='Th7-10'!D$18 -> 55.909 | AO23: ='Th7-10'!E$18 -> 1.23 | AP23: ='Th7-10'!F$11 -> 10 | AQ23: ='Th7-10'!G$11 -> 52.7 | AR23: ='Th7-10'!H$11 -> 89 | AS23: ='Th7-10'!I$11 -> 0.89 | AT23: ='Th7-10'!F$10 -> 15 | AU23: ='Th7-10'!G$10 -> 73.27 | AV23: ='Th7-10'!H$10 -> 161 | AW23: ='Th7-10'!I$10 -> 2.42 | AX23: ='Th7-10'!F$17 -> 4 | AY23: ='Th7-10'!G$17 -> 50 | AZ23: ='Th7-10'!H$17 -> 110 | BA23: ='Th7-10'!I$17 -> 0.44 | BB23: ='Th7-10'!F$16 -> 13 | BC23: ='Th7-10'!G$16 -> 67.69 | BD23: ='Th7-10'!H$16 -> 175.3 | BE23: ='Th7-10'!I$16 -> 2.28 | BF23: ='Th7-10'!F$15 -> 23 | BG23: ='Th7-10'!G$15 -> 46.74 | BH23: ='Th7-10'!H$15 -> 134 | BI23: ='Th7-10'!I$15 -> 3.09
A24: Th7-10 2122 | B24: ='Th7-10'!L$4 -> 10 | C24: ='Th7-10'!M$4 -> 149.7 | D24: ='Th7-10'!N$4 -> 167 | E24: ='Th7-10'!O$4 -> 1.67 | F24: ='Th7-10'!L$5 -> 17 | G24: ='Th7-10'!M$5 -> 112.3 | H24: ='Th7-10'!N$5 -> 173.5 | I24: ='Th7-10'!O$5 -> 2.95 | J24: ='Th7-10'!L$10 -> 10 | K24: ='Th7-10'!M$10 -> 147.6 | L24: ='Th7-10'!N$10 -> 163 | M24: ='Th7-10'!O$10 -> 1.63 | N24: ='Th7-10'!L$11 -> 20 | O24: ='Th7-10'!M$11 -> 136.25 | P24: ='Th7-10'!N$11 -> 174 | Q24: ='Th7-10'!O$11 -> 3.48 | R24: ='Th7-10'!L$12 -> 30 | S24: ='Th7-10'!M$12 -> 179.6 | T24: ='Th7-10'!N$12 -> 165.33 | U24: ='Th7-10'!O$12 -> 4.96 | V24: ='Th7-10'!P$5 -> 7 | W24: ='Th7-10'!Q$5 -> 26.86 | X24: ='Th7-10'!R$5 -> 30 | Y24: ='Th7-10'!S$5 -> 0.21 | Z24: ='Th7-10'!P$4 -> 17 | AA24: ='Th7-10'!Q$4 -> 37.06 | AB24: ='Th7-10'!R$4 -> 44.71 | AC24: ='Th7-10'!S$4 -> 0.76 | AD24: ='Th7-10'!L$16 -> 10 | AE24: ='Th7-10'!M$16 -> 34.6 | AF24: ='Th7-10'!N$16 -> 36 | AG24: ='Th7-10'!O$16 -> 0.36 | AH24: ='Th7-10'!L$17 -> 12 | AI24: ='Th7-10'!M$17 -> 44.75 | AJ24: ='Th7-10'!N$17 -> 45.78 | AK24: ='Th7-10'!O$17 -> 0.54 | AL24: ='Th7-10'!L$18 -> 27 | AM24: ='Th7-10'!M$18 -> 41.04 | AN24: ='Th7-10'!N$18 -> 58.15 | AO24: ='Th7-10'!O$18 -> 1.57 | AP24: ='Th7-10'!P$11 -> 10 | AQ24: ='Th7-10'!Q$11 -> 88.5 | AR24: ='Th7-10'!R$11 -> 129 | AS24: ='Th7-10'!S$11 -> 1.29 | AT24: ='Th7-10'!P$10 -> 12 | AU24: ='Th7-10'!Q$10 -> 67.33 | AV24: ='Th7-10'!R$10 -> 224.17 | AW24: ='Th7-10'!S$10 -> 2.69 | AX24: ='Th7-10'!P$17 -> 6 | AY24: ='Th7-10'!Q$17 -> 100.33 | AZ24: ='Th7-10'!R$17 -> 250.77 | BA24: ='Th7-10'!S$17 -> 1.5 | BB24: ='Th7-10'!P$16 -> 14 | BC24: ='Th7-10'!Q$16 -> 83.14 | BD24: ='Th7-10'!R$16 -> 214.39 | BE24: ='Th7-10'!S$16 -> 3 | BF24: ='Th7-10'!P$15 -> 19 | BG24: ='Th7-10'!Q$15 -> 55.05 | BH24: ='Th7-10'!R$15 -> 204.74 | BI24: ='Th7-10'!S$15 -> 3.89
A26: replicates | B26: =COUNT(B3:B24) -> 20 | C26: =COUNT(C3:C24) -> 20 | D26: =COUNT(D3:D24) -> 20 | E26: =COUNT(E3:E24) -> 20 | F26: =COUNT(F3:F24) -> 20 | G26: =COUNT(G3:G24) -> 20 | H26: =COUNT(H3:H24) -> 20 | I26: =COUNT(I3:I24) -> 20 | ... BI26: =COUNT(BI3:BI24) -> 20
A27: mean | B27: =AVERAGE(B3:B24) -> 9.85 | C27: =AVERAGE(C3:C24) -> 171.5185 | D27: =AVERAGE(D3:D24) -> 235.8785 | E27: =AVERAGE(E3:E24) -> 2.3645 | F27: =AVERAGE(F3:F24) -> 20.7 | G27: =AVERAGE(G3:G24) -> 168.39795 | H27: =AVERAGE(H3:H24) -> 221.24675 | I27: =AVERAGE(I3:I24) -> 4.5317 | ... BI27: =AVERAGE(BI3:BI24) -> 2.988
A28: variance | B28: =_xlfn.VAR.P(B3:B24) -> 2.1275 | C28: =_xlfn.VAR.P(C3:C24) -> 1248.6478 | D28: =_xlfn.VAR.P(D3:D24) -> 35260.872 | E28: =_xlfn.VAR.P(E3:E24) -> 4.4990648 | F28: =_xlfn.VAR.P(F3:F24) -> 19.21 | G28: =_xlfn.VAR.P(G3:G24) -> 1155.5908 | H28: =_xlfn.VAR.P(H3:H24) -> 30480.87 | I28: =_xlfn.VAR.P(I3:I24) -> 12.578285 | ... BI28: =_xlfn.VAR.P(BI3:BI24) -> 1.782266
A29: std dev | B29: =_xlfn.STDEV.P(B3:B24) -> 1.4585952 | C29: =_xlfn.STDEV.P(C3:C24) -> 35.336211 | D29: =_xlfn.STDEV.P(D3:D24) -> 187.77879 | E29: =_xlfn.STDEV.P(E3:E24) -> 2.1210999 | F29: =_xlfn.STDEV.P(F3:F24) -> 4.3829214 | G29: =_xlfn.STDEV.P(G3:G24) -> 33.993982 | H29: =_xlfn.STDEV.P(H3:H24) -> 174.58771 | I29: =_xlfn.STDEV.P(I3:I24) -> 3.5465878 | ... BI29: =_xlfn.STDEV.P(BI3:BI24) -> 1.3350154
A31: section | B31: 10O/20T | F31: 20O/10T | J31: 10O/20A | N31: 20O/10A | R31: 30O | V31: 10T/20O | Z31: 20T/10O | AD31: 10T/20A | AH31: 20T/10A | AL31: 30T | AP31: 10A/20O | AT31: 20A/10O | AX31: 10A/20T | BB31: 20A/10T | BF31: 30A
A32: + fertilizer | B32: n | C32: avg L | D32: avg W | E32: tot W | F32: n | G32: avg L | H32: avg W | I32: tot W | J32: n | K32: avg L | L32: avg W | M32: tot W | N32: n | O32: avg L | P32: avg W | Q32: tot W | R32: n | S32: avg L | T32: avg W | U32: tot W | V32: n | W32: avg L | X32: avg W | Y32: tot W | Z32: n | AA32: avg L | AB32: avg W | AC32: tot W | AD32: n | AE32: avg L | AF32: avg W | AG32: tot W | AH32: n | AI32: avg L | AJ32: avg W | AK32: tot W | AL32: n | AM32: avg L | AN32: avg W | AO32: tot W | AP32: n | AQ32: avg L | AR32: avg W | AS32: tot W | AT32: n | AU32: avg L | AV32: avg W | AW32: tot W | AX32: n | AY32: avg L | AZ32: avg W | BA32: tot W | BB32: n | BC32: avg L | BD32: avg W | BE32: tot W | BF32: n | BG32: avg L | BH32: avg W | BI32: tot W
A33: M2-5 2115 | B33: ='M2-5'!V$4 -> 10 | C33: ='M2-5'!W$4 -> 272.3 | D33: ='M2-5'!X$4 -> 567 | E33: ='M2-5'!Y$4 -> 5.67 | F33: ='M2-5'!V$5 -> 18 | G33: ='M2-5'!W$5 -> 249 | H33: ='M2-5'!X$5 -> 476 | I33: ='M2-5'!Y$5 -> 8.57 | J33: ='M2-5'!V$10 -> 9 | K33: ='M2-5'!W$10 -> 339.56 | L33: ='M2-5'!X$10 -> 855.6 | M33: ='M2-5'!Y$10 -> 7.7 | N33: ='M2-5'!V$11 -> 20 | O33: ='M2-5'!W$11 -> 244.15 | P33: ='M2-5'!X$11 -> 473.5 | Q33: ='M2-5'!Y$11 -> 9.47 | R33: ='M2-5'!V$12 -> 30 | S33: ='M2-5'!W$12 -> 234.2 | T33: ='M2-5'!X$12 -> 139 | U33: ='M2-5'!Y$12 -> 4.17 | V33: ='M2-5'!Z$5 -> 6 | W33: ='M2-5'!AA$5 -> 40 | X33: ='M2-5'!AB$5 -> 50 | Y33: ='M2-5'!AC$5 -> 0.3 | Z33: ='M2-5'!Z$4 -> 19 | AA33: ='M2-5'!AA$4 -> 53.8 | AB33: ='M2-5'!AB$4 -> 78.9 | AC33: ='M2-5'!AC$4 -> 1.5 | AD33: ='M2-5'!V$16 -> 8 | AE33: ='M2-5'!W$16 -> 80 | AF33: ='M2-5'!X$16 -> 230 | AG33: ='M2-5'!Y$16 -> 1.84 | AH33: ='M2-5'!V$17 -> 14 | AI33: ='M2-5'!W$17 -> 57 | AJ33: ='M2-5'!X$17 -> 131.4 | AK33: ='M2-5'!Y$17 -> 1.84 | AL33: ='M2-5'!V$18 -> 24 | AM33: ='M2-5'!W$18 -> 60.8 | AN33: ='M2-5'!X$18 -> 130 | AO33: ='M2-5'!Y$18 -> 3.12 | AP33: ='M2-5'!Z$11 -> 9 | AQ33: ='M2-5'!AA$11 -> 47.78 | AR33: ='M2-5'!AB$11 -> 93.34 | AS33: ='M2-5'!AC$11 -> 0.84 | AT33: ='M2-5'!Z$10 -> 11 | AU33: ='M2-5'!AA$10 -> 50.09 | AV33: ='M2-5'!AB$10 -> 93.6 | AW33: ='M2-5'!AC$10 -> 1.03 | AX33: ='M2-5'!Z$17 -> 7 | AY33: ='M2-5'!AA$17 -> 104 | AZ33: ='M2-5'!AB$17 -> 238.6 | BA33: ='M2-5'!AC$17 -> 1.67 | BB33: ='M2-5'!Z$16 -> 15 | BC33: ='M2-5'!AA$16 -> 63.46 | BD33: ='M2-5'!AB$16 -> 146.7 | BE33: ='M2-5'!AC$16 -> 2.2 | BF33: ='M2-5'!Z$15 -> 17 | BG33: ='M2-5'!AA$15 -> 63 | BH33: ='M2-5'!AB$15 -> 139 | BI33: ='M2-5'!AC$15 -> 2.37
A34: M2-5 2123 | B34: ='M2-5'!AF$4 -> 10 | C34: ='M2-5'!AG$4 -> 253.8 | D34: ='M2-5'!AH$4 -> 729 | E34: ='M2-5'!AI$4 -> 7.29 | F34: ='M2-5'!AF$5 -> 17 | G34: ='M2-5'!AG$5 -> 227.6 | H34: ='M2-5'!AH$5 -> 461.8 | I34: ='M2-5'!AI$5 -> 7.85 | J34: ='M2-5'!AF$10 -> 9 | K34: ='M2-5'!AG$10 -> 249.4 | L34: ='M2-5'!AH$10 -> 680 | M34: ='M2-5'!AI$10 -> 6.12 | N34: ='M2-5'!AF$11 -> 20 | O34: ='M2-5'!AG$11 -> 212.8 | P34: ='M2-5'!AH$11 -> 350 | Q34: ='M2-5'!AI$11 -> 7 | R34: ='M2-5'!AF$12 -> 27 | S34: ='M2-5'!AG$12 -> 238.4 | T34: ='M2-5'!AH$12 -> 498.9 | U34: ='M2-5'!AI$12 -> 13.47 | V34: ='M2-5'!AJ$5 -> 10 | W34: ='M2-5'!AK$5 -> 46.5 | X34: ='M2-5'!AL$5 -> 67 | Y34: ='M2-5'!AM$5 -> 0.67 | Z34: ='M2-5'!AJ$4 -> 18 | AA34: ='M2-5'!AK$4 -> 51.27 | AB34: ='M2-5'!AL$4 -> 80.55 | AC34: ='M2-5'!AM$4 -> 1.45 | AD34: ='M2-5'!AF$16 -> 4 | AE34: ='M2-5'!AG$16 -> 40.25 | AF34: ='M2-5'!AH$16 -> 40 | AG34: ='M2-5'!AI$16 -> 0.16 | AH34: ='M2-5'!AF$17 -> 10 | AI34: ='M2-5'!AG$17 -> 47.3 | AJ34: ='M2-5'!AH$17 -> 78 | AK34: ='M2-5'!AI$17 -> 0.78 | AL34: ='M2-5'!AF$18 -> 23 | AM34: ='M2-5'!AG$18 -> 49.7 | AN34: ='M2-5'!AH$18 -> 123.9 | AO34: ='M2-5'!AI$18 -> 2.85 | AP34: ='M2-5'!AJ$11 -> 7 | AQ34: ='M2-5'!AK$11 -> 30.43 | AR34: ='M2-5'!AL$11 -> 64.29 | AS34: ='M2-5'!AM$11 -> 0.45 | AT34: ='M2-5'!AJ$10 -> 10 | AU34: ='M2-5'!AK$10 -> 56.2 | AV34: ='M2-5'!AL$10 -> 126 | AW34: ='M2-5'!AM$10 -> 1.26 | AX34: ='M2-5'!AJ$17 -> 3 | AY34: ='M2-5'!AK$17 -> 55 | AZ34: ='M2-5'!AL$17 -> 103.3 | BA34: ='M2-5'!AM$17 -> 0.31 | BB34: ='M2-5'!AJ$16 -> 10 | BC34: ='M2-5'!AK$16 -> 49.2 | BD34: ='M2-5'!AL$16 -> 104 | BE34: ='M2-5'!AM$16 -> 1.04 | BF34: ='M2-5'!AJ$15 -> 12 | BG34: ='M2-5'!AK$15 -> 54.6 | BH34: ='M2-5'!AL$15 -> 99.16 | BI34: ='M2-5'!AM$15 -> 1.19
A35: M7-10 2115 | B35: ='M7-10'!V$4 -> 10 | C35: ='M7-10'!W$4 -> 237.1 | D35: ='M7-10'!X$4 -> 625 | E35: ='M7-10'!Y$4 -> 6.25 | F35: ='M7-10'!V$5 -> 20 | G35: ='M7-10'!W$5 -> 225.7 | H35: ='M7-10'!X$5 -> 474 | I35: ='M7-10'!Y$5 -> 9.48 | J35: ='M7-10'!V$10 -> 19 | K35: ='M7-10'!W$10 -> 192.05 | L35: ='M7-10'!X$10 -> 255.79 | M35: ='M7-10'!Y$10 -> 4.86 | N35: ='M7-10'!V$11 -> 20 | O35: ='M7-10'!W$11 -> 221.75 | P35: ='M7-10'!X$11 -> 322.5 | Q35: ='M7-10'!Y$11 -> 6.45 | R35: ='M7-10'!V$12 -> 40 | S35: ='M7-10'!W$12 -> 225.3 | T35: ='M7-10'!X$12 -> 225 | U35: ='M7-10'!Y$12 -> 9 | V35: ='M7-10'!Z$5 -> 10 | W35: ='M7-10'!AA$5 -> 59.4 | X35: ='M7-10'!AB$5 -> 69 | Y35: ='M7-10'!AC$5 -> 0.69 | Z35: ='M7-10'!Z$4 -> 20 | AA35: ='M7-10'!AA$4 -> 64.8 | AB35: ='M7-10'!AB$4 -> 59.5 | AC35: ='M7-10'!AC$4 -> 1.19 | AD35: ='M7-10'!V$16 -> 10 | AE35: ='M7-10'!W$16 -> 47.7 | AF35: ='M7-10'!X$16 -> 88 | AG35: ='M7-10'!Y$16 -> 0.88 | AH35: ='M7-10'!V$17 -> 20 | AI35: ='M7-10'!W$17 -> 56.05 | AJ35: ='M7-10'!X$17 -> 88.5 | AK35: ='M7-10'!Y$17 -> 1.77 | AL35: ='M7-10'!V$18 -> 30 | AM35: ='M7-10'!W$18 -> 89.47 | AN35: ='M7-10'!X$18 -> 109 | AO35: ='M7-10'!Y$18 -> 3.27 | AP35: ='M7-10'!Z$11 -> 8 | AQ35: ='M7-10'!AA$11 -> 37.75 | AR35: ='M7-10'!AB$11 -> 38.75 | AS35: ='M7-10'!AC$11 -> 0.31 | AT35: ='M7-10'!Z$10 -> 40 | AU35: ='M7-10'!AA$10 -> 38.03 | AV35: ='M7-10'!AB$10 -> 74.5 | AW35: ='M7-10'!AC$10 -> 2.98 | AX35: ='M7-10'!Z$17 -> 10 | AY35: ='M7-10'!AA$17 -> 31.7 | AZ35: ='M7-10'!AB$17 -> 95.4 | BA35: ='M7-10'!AC$17 -> 0.95 | BB35: ='M7-10'!Z$16 -> 20 | BC35: ='M7-10'!AA$16 -> 44.95 | BD35: ='M7-10'!AB$16 -> 92 | BE35: ='M7-10'!AC$16 -> 1.84 | BF35: ='M7-10'!Z$15 -> 2 | BG35: ='M7-10'!AA$15 -> 127.5 | BH35: ='M7-10'!AB$15 -> 380 | BI35: ='M7-10'!AC$15 -> 0.76
A36: M7-10 2123 | B36: ='M7-10'!AF$4 -> 10 | C36: ='M7-10'!AG$4 -> 266.1 | D36: ='M7-10'!AH$4 -> 614 | E36: ='M7-10'!AI$4 -> 6.14 | F36: ='M7-10'!AF$5 -> 19 | G36: ='M7-10'!AG$5 -> 246.95 | H36: ='M7-10'!AH$5 -> 507.89 | I36: ='M7-10'!AI$5 -> 9.65 | J36: ='M7-10'!AF$10 -> 9 | K36: ='M7-10'!AG$10 -> 335 | L36: ='M7-10'!AH$10 -> 838.89 | M36: ='M7-10'!AI$10 -> 7.55 | N36: ='M7-10'!AF$11 -> 18 | O36: ='M7-10'!AG$11 -> 273.16 | P36: ='M7-10'!AH$11 -> 490.56 | Q36: ='M7-10'!AI$11 -> 8.83 | R36: ='M7-10'!AF$12 -> 30 | S36: ='M7-10'!AG$12 -> 216.56 | T36: ='M7-10'!AH$12 -> 425 | U36: ='M7-10'!AI$12 -> 12.75 | V36: ='M7-10'!AJ$5 -> 8 | W36: ='M7-10'!AK$5 -> 51 | X36: ='M7-10'!AL$5 -> 65 | Y36: ='M7-10'!AM$5 -> 0.52 | Z36: ='M7-10'!AJ$4 -> 14 | AA36: ='M7-10'!AK$4 -> 58.28 | AB36: ='M7-10'!AL$4 -> 102.86 | AC36: ='M7-10'!AM$4 -> 1.44 | AD36: ='M7-10'!AF$16 -> 9 | AE36: ='M7-10'!AG$16 -> 61.74 | AF36: ='M7-10'!AH$16 -> 118.8 | AG36: ='M7-10'!AI$16 -> 1.07 | AH36: ='M7-10'!AF$17 -> 13 | AI36: ='M7-10'!AG$17 -> 61.84 | AJ36: ='M7-10'!AH$17 -> 130.77 | AK36: ='M7-10'!AI$17 -> 1.7 | AL36: ='M7-10'!AF$18 -> 25 | AM36: ='M7-10'!AG$18 -> 61.32 | AN36: ='M7-10'!AH$18 -> 135.6 | AO36: ='M7-10'!AI$18 -> 3.39 | AP36: ='M7-10'!AJ$11 -> 7 | AQ36: ='M7-10'!AK$11 -> 25.23 | AR36: ='M7-10'!AL$11 -> 30 | AS36: ='M7-10'!AM$11 -> 0.21 | AT36: ='M7-10'!AJ$10 -> 13 | AU36: ='M7-10'!AK$10 -> 54.85 | AV36: ='M7-10'!AL$10 -> 122.31 | AW36: ='M7-10'!AM$10 -> 1.59 | AX36: ='M7-10'!AJ$17 -> 9 | AY36: ='M7-10'!AK$17 -> 76.67 | AZ36: ='M7-10'!AL$17 -> 192.2 | BA36: ='M7-10'!AM$17 -> 1.73 | BB36: ='M7-10'!AJ$16 -> 11 | BC36: ='M7-10'!AK$16 -> 95.36 | BD36: ='M7-10'!AL$16 -> 230.9 | BE36: ='M7-10'!AM$16 -> 2.54 | BF36: ='M7-10'!AJ$15 -> 19 | BG36: ='M7-10'!AK$15 -> 81.32 | BH36: ='M7-10'!AL$15 -> 160 | BI36: ='M7-10'!AM$15 -> 3.04
A37: T9-12 2115 | B37: ='T9-12'!V$4 -> 9 | C37: ='T9-12'!W$4 -> 263.8 | D37: ='T9-12'!X$4 -> 735.555 | E37: ='T9-12'!Y$4 -> 6.62 | F37: ='T9-12'!V$5 -> 20 | G37: ='T9-12'!W$5 -> 218 | H37: ='T9-12'!X$5 -> 414 | I37: ='T9-12'!Y$5 -> 8.28 | J37: ='T9-12'!V$10 -> 9 | K37: ='T9-12'!W$10 -> 232.6 | L37: ='T9-12'!X$10 -> 488.9 | M37: ='T9-12'!Y$10 -> 4.4 | N37: ='T9-12'!V$11 -> 20 | O37: ='T9-12'!W$11 -> 247 | P37: ='T9-12'!X$11 -> 457 | Q37: ='T9-12'!Y$11 -> 9.14 | R37: ='T9-12'!V$12 -> 28 | S37: ='T9-12'!W$12 -> 216.7 | T37: ='T9-12'!X$12 -> 358.2 | U37: ='T9-12'!Y$12 -> 10.03 | V37: ='T9-12'!Z$5 -> 7 | W37: ='T9-12'!AA$5 -> 40.9 | X37: ='T9-12'!AB$5 -> 71.4 | Y37: ='T9-12'!AC$5 -> 0.5 | Z37: ='T9-12'!Z$4 -> 14 | AA37: ='T9-12'!AA$4 -> 46.6 | AB37: ='T9-12'!AB$4 -> 101.4 | AC37: ='T9-12'!AC$4 -> 1.42 | AD37: ='T9-12'!V$16 -> 7 | AE37: ='T9-12'!W$16 -> 48.4 | AF37: ='T9-12'!X$16 -> 72.9 | AG37: ='T9-12'!Y$16 -> 0.51 | AH37: ='T9-12'!V$17 -> 17 | AI37: ='T9-12'!W$17 -> 61.7 | AJ37: ='T9-12'!X$17 -> 81.18 | AK37: ='T9-12'!Y$17 -> 1.4 | AL37: ='T9-12'!V$18 -> 21 | AM37: ='T9-12'!W$18 -> 56.7 | AN37: ='T9-12'!X$18 -> 102.9 | AO37: ='T9-12'!Y$18 -> 2.16 | AP37: ='T9-12'!Z$11 -> 10 | AQ37: ='T9-12'!AA$11 -> 69.2 | AR37: ='T9-12'!AB$11 -> 205 | AS37: ='T9-12'!AC$11 -> 2.05 | AT37: ='T9-12'!Z$10 -> 9 | AU37: ='T9-12'!AA$10 -> 78.4 | AV37: ='T9-12'!AB$10 -> 216.7 | AW37: ='T9-12'!AC$10 -> 1.95 | AX37: ='T9-12'!Z$17 -> 9 | AY37: ='T9-12'!AA$17 -> 65.4 | AZ37: ='T9-12'!AB$17 -> 148.9 | BA37: ='T9-12'!AC$17 -> 1.34 | BB37: ='T9-12'!Z$16 -> 18 | BC37: ='T9-12'!AA$16 -> 61.6 | BD37: ='T9-12'!AB$16 -> 172.8 | BE37: ='T9-12'!AC$16 -> 3.1 | BF37: ='T9-12'!Z$15 -> 19 | BG37: ='T9-12'!AA$15 -> 50.95 | BH37: ='T9-12'!AB$15 -> 127.9 | BI37: ='T9-12'!AC$15 -> 2.4
A38: T9-12 2123 | B38: ='T9-12'!AF$4 -> 10 | C38: ='T9-12'!AG$4 -> 235.5 | D38: ='T9-12'!AH$4 -> 480 | E38: ='T9-12'!AI$4 -> 4.8 | F38: ='T9-12'!AF$5 -> 20 | G38: ='T9-12'!AG$5 -> 244.5 | H38: ='T9-12'!AH$5 -> 439.5 | I38: ='T9-12'!AI$5 -> 8.79 | J38: ='T9-12'!AF$10 -> 10 | K38: ='T9-12'!AG$10 -> 214.2 | L38: ='T9-12'!AH$10 -> 410 | M38: ='T9-12'!AI$10 -> 4.1 | N38: ='T9-12'!AF$11 -> 19 | O38: ='T9-12'!AG$11 -> 210.82 | P38: ='T9-12'!AH$11 -> 341.053 | Q38: ='T9-12'!AI$11 -> 6.48 | R38: ='T9-12'!AF$12 -> 30 | S38: ='T9-12'!AG$12 -> 239.33 | T38: ='T9-12'!AH$12 -> 412.33 | U38: ='T9-12'!AI$12 -> 12.37 | V38: ='T9-12'!AJ$5 -> 7 | W38: ='T9-12'!AK$5 -> 38.7 | X38: ='T9-12'!AL$5 -> 57.1 | Y38: ='T9-12'!AM$5 -> 0.4 | Z38: ='T9-12'!AJ$4 -> 11 | AA38: ='T9-12'!AK$4 -> 44.27 | AB38: ='T9-12'!AL$4 -> 57.27 | AC38: ='T9-12'!AM$4 -> 0.63 | AD38: ='T9-12'!AF$16 -> 6 | AE38: ='T9-12'!AG$16 -> 49 | AF38: ='T9-12'!AH$16 -> 138.3 | AG38: ='T9-12'!AI$16 -> 0.83 | AH38: ='T9-12'!AF$17 -> 14 | AI38: ='T9-12'!AG$17 -> 47.8 | AJ38: ='T9-12'!AH$17 -> 79.3 | AK38: ='T9-12'!AI$17 -> 1.11 | AL38: ='T9-12'!AF$18 -> 26 | AM38: ='T9-12'!AG$18 -> 63.73 | AN38: ='T9-12'!AH$18 -> 118.08 | AO38: ='T9-12'!AI$18 -> 3.07 | AP38: ='T9-12'!AJ$11 -> 9 | AQ38: ='T9-12'!AK$11 -> 79.02 | AR38: ='T9-12'!AL$11 -> 165.56 | AS38: ='T9-12'!AM$11 -> 1.49 | AT38: ='T9-12'!AJ$10 -> 16 | AU38: ='T9-12'!AK$10 -> 68.12 | AV38: ='T9-12'!AL$10 -> 171.25 | AW38: ='T9-12'!AM$10 -> 2.74 | AX38: ='T9-12'!AJ$17 -> 5 | AY38: ='T9-12'!AK$17 -> 92.2 | AZ38: ='T9-12'!AL$17 -> 212 | BA38: ='T9-12'!AM$17 -> 1.06 | BB38: ='T9-12'!AJ$16 -> 14 | BC38: ='T9-12'!AK$16 -> 96.5 | BD38: ='T9-12'!AL$16 -> 212.9 | BE38: ='T9-12'!AM$16 -> 2.98 | BF38: ='T9-12'!AJ$15 -> 18 | BG38: ='T9-12'!AK$15 -> 66.8 | BH38: ='T9-12'!AL$15 -> 117.78 | BI38: ='T9-12'!AM$15 -> 2.12
A39: T2-5 2115 | B39: ='T2-5'!V$4 -> 9 | C39: ='T2-5'!W$4 -> 262.4 | D39: ='T2-5'!X$4 -> 489 | E39: ='T2-5'!Y$4 -> 4.4 | F39: ='T2-5'!V$5 -> 20 | G39: ='T2-5'!W$5 -> 255.5 | H39: ='T2-5'!X$5 -> 451.5 | I39: ='T2-5'!Y$5 -> 9.03 | J39: ='T2-5'!V$10 -> 10 | K39: ='T2-5'!W$10 -> 252.9 | L39: ='T2-5'!X$10 -> 486.25 | M39: ='T2-5'!Y$10 -> 4.86 | N39: ='T2-5'!V$11 -> 20 | O39: ='T2-5'!W$11 -> 230.75 | P39: ='T2-5'!X$11 -> 429 | Q39: ='T2-5'!Y$11 -> 8.58 | R39: ='T2-5'!V$12 -> 28 | S39: ='T2-5'!W$12 -> 243.36 | T39: ='T2-5'!X$12 -> 392.14 | U39: ='T2-5'!Y$12 -> 10.98 | V39: ='T2-5'!Z$5 -> 5 | W39: ='T2-5'!AA$5 -> 49.2 | X39: ='T2-5'!AB$5 -> 68 | Y39: ='T2-5'!AC$5 -> 0.34 | Z39: ='T2-5'!Z$4 -> 16 | AA39: ='T2-5'!AA$4 -> 48.6 | AB39: ='T2-5'!AB$4 -> 76.3 | AC39: ='T2-5'!AC$4 -> 1.22 | AD39: ='T2-5'!V$16 -> 7 | AE39: ='T2-5'!W$16 -> 60 | AF39: ='T2-5'!X$16 -> 158.57 | AG39: ='T2-5'!Y$16 -> 1.11 | AH39: ='T2-5'!V$17 -> 14 | AI39: ='T2-5'!W$17 -> 54 | AJ39: ='T2-5'!X$17 -> 66.43 | AK39: ='T2-5'!Y$17 -> 0.93 | AL39: ='T2-5'!V$18 -> 25 | AM39: ='T2-5'!W$18 -> 51.72 | AN39: ='T2-5'!X$18 -> 105.2 | AO39: ='T2-5'!Y$18 -> 2.63 | AP39: ='T2-5'!Z$11 -> 6 | AQ39: ='T2-5'!AA$11 -> 51.5 | AR39: ='T2-5'!AB$11 -> 91.67 | AS39: ='T2-5'!AC$11 -> 0.55 | AT39: ='T2-5'!Z$10 -> 11 | AU39: ='T2-5'!AA$10 -> 59.27 | AV39: ='T2-5'!AB$10 -> 110.2 | AW39: ='T2-5'!AC$10 -> 1.21 | AX39: ='T2-5'!Z$17 -> 10 | AY39: ='T2-5'!AA$17 -> 88.3 | AZ39: ='T2-5'!AB$17 -> 211 | BA39: ='T2-5'!AC$17 -> 2.11 | BB39: ='T2-5'!Z$16 -> 12 | BC39: ='T2-5'!AA$16 -> 79.92 | BD39: ='T2-5'!AB$16 -> 196.67 | BE39: ='T2-5'!AC$16 -> 2.36 | BF39: ='T2-5'!Z$15 -> 20 | BG39: ='T2-5'!AA$15 -> 69.65 | BH39: ='T2-5'!AB$15 -> 113.5 | BI39: ='T2-5'!AC$15 -> 2.27
A40: T2-5 2123 | B40: ='T2-5'!AF$4 -> 9 | C40: ='T2-5'!AG$4 -> 229.33 | D40: ='T2-5'!AH$4 -> 386.6 | E40: ='T2-5'!AI$4 -> 3.48 | F40: ='T2-5'!AF$5 -> 19 | G40: ='T2-5'!AG$5 -> 229.59 | H40: ='T2-5'!AH$5 -> 375.26 | I40: ='T2-5'!AI$5 -> 7.13 | J40: ='T2-5'!AF$10 -> 10 | K40: ='T2-5'!AG$10 -> 214.1 | L40: ='T2-5'!AH$10 -> 449 | M40: ='T2-5'!AI$10 -> 4.49 | N40: ='T2-5'!AF$11 -> 20 | O40: ='T2-5'!AG$11 -> 239.1 | P40: ='T2-5'!AH$11 -> 355.5 | Q40: ='T2-5'!AI$11 -> 7.11 | R40: ='T2-5'!AF$12 -> 29 | S40: ='T2-5'!AG$12 -> 253.24 | T40: ='T2-5'!AH$12 -> 412 | U40: ='T2-5'!AI$12 -> 11.95 | V40: ='T2-5'!AJ$5 -> 2 | W40: ='T2-5'!AK$5 -> 37 | X40: ='T2-5'!AL$5 -> 40 | Y40: ='T2-5'!AM$5 -> 0.08 | Z40: ='T2-5'!AJ$4 -> 14 | AA40: ='T2-5'!AK$4 -> 38.85 | AB40: ='T2-5'!AL$4 -> 50 | AC40: ='T2-5'!AM$4 -> 0.7 | AD40: ='T2-5'!AF$16 -> 9 | AE40: ='T2-5'!AG$16 -> 44.277 | AF40: ='T2-5'!AH$16 -> 43.33 | AG40: ='T2-5'!AI$16 -> 0.39 | AH40: ='T2-5'!AF$17 -> 13 | AI40: ='T2-5'!AG$17 -> 35.42 | AJ40: ='T2-5'!AH$17 -> 50.77 | AK40: ='T2-5'!AI$17 -> 0.66 | AL40: ='T2-5'!AF$18 -> 12 | AM40: ='T2-5'!AG$18 -> 43.96 | AN40: ='T2-5'!AH$18 -> 56.67 | AO40: ='T2-5'!AI$18 -> 0.68 | AP40: ='T2-5'!AJ$11 -> 3 | AQ40: ='T2-5'!AK$11 -> 50.34 | AR40: ='T2-5'!AL$11 -> 123.34 | AS40: ='T2-5'!AM$11 -> 0.37 | AT40: ='T2-5'!AJ$10 -> 8 | AU40: ='T2-5'!AK$10 -> 54.875 | AV40: ='T2-5'!AL$10 -> 115 | AW40: ='T2-5'!AM$10 -> 0.92 | AX40: ='T2-5'!AJ$17 -> 8 | AY40: ='T2-5'!AK$17 -> 72.75 | AZ40: ='T2-5'!AL$17 -> 206.25 | BA40: ='T2-5'!AM$17 -> 1.65 | BB40: ='T2-5'!AJ$16 -> 11 | BC40: ='T2-5'!AK$16 -> 68 | BD40: ='T2-5'!AL$16 -> 176.36 | BE40: ='T2-5'!AM$16 -> 1.94 | BF40: ='T2-5'!AJ$15 -> 19 | BG40: ='T2-5'!AK$15 -> 58.68 | BH40: ='T2-5'!AL$15 -> 516.84 | BI40: ='T2-5'!AM$15 -> 9.82
A41: T7-10 2115 | B41: ='T7-10'!V$4 -> 18 | C41: ='T7-10'!W$4 -> 201.67 | D41: ='T7-10'!X$4 -> 354.444 | E41: ='T7-10'!Y$4 -> 6.38 | F41: ='T7-10'!V$5 -> 20 | G41: ='T7-10'!W$5 -> 227.25 | H41: ='T7-10'!X$5 -> 481 | I41: ='T7-10'!Y$5 -> 9.62 | J41: ='T7-10'!V$10 -> 10 | K41: ='T7-10'!W$10 -> 233.2 | L41: ='T7-10'!X$10 -> 502 | M41: ='T7-10'!Y$10 -> 5.02 | N41: ='T7-10'!V$11 -> 20 | O41: ='T7-10'!W$11 -> 227.05 | P41: ='T7-10'!X$11 -> 345.5 | Q41: ='T7-10'!Y$11 -> 6.91 | R41: ='T7-10'!V$12 -> 30 | S41: ='T7-10'!W$12 -> 223.2 | T41: ='T7-10'!X$12 -> 425.33 | U41: ='T7-10'!Y$12 -> 12.76 | V41: ='T7-10'!Z$5 -> 8 | W41: ='T7-10'!AA$5 -> 49.125 | X41: ='T7-10'!AB$5 -> 66.25 | Y41: ='T7-10'!AC$5 -> 0.53 | Z41: ='T7-10'!Z$4 -> 14 | AA41: ='T7-10'!AA$4 -> 41.79 | AB41: ='T7-10'!AB$4 -> 47.86 | AC41: ='T7-10'!AC$4 -> 0.67 | AD41: ='T7-10'!V$16 -> 4 | AE41: ='T7-10'!W$16 -> 45 | AF41: ='T7-10'!X$16 -> 82.5 | AG41: ='T7-10'!Y$16 -> 0.33 | AH41: ='T7-10'!V$17 -> 14 | AI41: ='T7-10'!W$17 -> 37.1 | AJ41: ='T7-10'!X$17 -> 53.6 | AK41: ='T7-10'!Y$17 -> 0.75 | AL41: ='T7-10'!V$18 -> 19 | AM41: ='T7-10'!W$18 -> 51.632 | AN41: ='T7-10'!X$18 -> 91.579 | AO41: ='T7-10'!Y$18 -> 1.74 | AP41: ='T7-10'!Z$11 -> 8 | AQ41: ='T7-10'!AA$11 -> 38 | AR41: ='T7-10'!AB$11 -> 60.26 | AS41: ='T7-10'!AC$11 -> 0.482 | AT41: ='T7-10'!Z$10 -> 5 | AU41: ='T7-10'!AA$10 -> 44.4 | AV41: ='T7-10'!AB$10 -> 74.2 | AW41: ='T7-10'!AC$10 -> 0.371 | AX41: ='T7-10'!Z$17 -> 6 | AY41: ='T7-10'!AA$17 -> 66.8 | AZ41: ='T7-10'!AB$17 -> 218.6 | BA41: ='T7-10'!AC$17 -> 1.3 | BB41: ='T7-10'!Z$16 -> 9 | BC41: ='T7-10'!AA$16 -> 71.44 | BD41: ='T7-10'!AB$16 -> 195.22 | BE41: ='T7-10'!AC$16 -> 1.757 | BF41: ='T7-10'!Z$15 -> 14 | BG41: ='T7-10'!AA$15 -> 74.75 | BH41: ='T7-10'!AB$15 -> 149.72 | BI41: ='T7-10'!AC$15 -> 2.0961
A42: T7-10 2123 | B42: ='T7-10'!AF$4 -> 10 | C42: ='T7-10'!AG$4 -> 230.5 | D42: ='T7-10'!AH$4 -> 492 | E42: ='T7-10'!AI$4 -> 4.92 | F42: ='T7-10'!AF$5 -> 19 | G42: ='T7-10'!AG$5 -> 224.5 | H42: ='T7-10'!AH$5 -> 418.4 | I42: ='T7-10'!AI$5 -> 7.95 | J42: ='T7-10'!AF$10 -> 9 | K42: ='T7-10'!AG$10 -> 250.8 | L42: ='T7-10'!AH$10 -> 576.6 | M42: ='T7-10'!AI$10 -> 5.19 | N42: ='T7-10'!AF$11 -> 20 | O42: ='T7-10'!AG$11 -> 224.8 | P42: ='T7-10'!AH$11 -> 373 | Q42: ='T7-10'!AI$11 -> 7.46 | R42: ='T7-10'!AF$12 -> 30 | S42: ='T7-10'!AG$12 -> 269.77 | T42: ='T7-10'!AH$12 -> 411.33 | U42: ='T7-10'!AI$12 -> 12.34 | V42: ='T7-10'!AJ$5 -> 9 | W42: ='T7-10'!AK$5 -> 49.3 | X42: ='T7-10'!AL$5 -> 48.9 | Y42: ='T7-10'!AM$5 -> 0.44 | Z42: ='T7-10'!AJ$4 -> 19 | AA42: ='T7-10'!AK$4 -> 38.05 | AB42: ='T7-10'!AL$4 -> 50.53 | AC42: ='T7-10'!AM$4 -> 0.96 | AD42: ='T7-10'!AF$16 -> 10 | AE42: ='T7-10'!AG$16 -> 50.6 | AF42: ='T7-10'!AH$16 -> 80 | AG42: ='T7-10'!AI$16 -> 0.8 | AH42: ='T7-10'!AF$17 -> 13 | AI42: ='T7-10'!AG$17 -> 54.9 | AJ42: ='T7-10'!AH$17 -> 89.23 | AK42: ='T7-10'!AI$17 -> 1.16 | AL42: ='T7-10'!AF$18 -> 19 | AM42: ='T7-10'!AG$18 -> 37.68 | AN42: ='T7-10'!AH$18 -> 79.47 | AO42: ='T7-10'!AI$18 -> 1.5 | AP42: ='T7-10'!AJ$11 -> 9 | AQ42: ='T7-10'!AK$11 -> 49.11 | AR42: ='T7-10'!AL$11 -> 83.33 | AS42: ='T7-10'!AM$11 -> 0.75 | AT42: ='T7-10'!AJ$10 -> 11 | AU42: ='T7-10'!AK$10 -> 50.27 | AV42: ='T7-10'!AL$10 -> 131.8 | AW42: ='T7-10'!AM$10 -> 1.45 | AX42: ='T7-10'!AJ$17 -> 8 | AY42: ='T7-10'!AK$17 -> 78.4 | AZ42: ='T7-10'!AL$17 -> 306.3 | BA42: ='T7-10'!AM$17 -> 2.45 | BB42: ='T7-10'!AJ$16 -> 16 | BC42: ='T7-10'!AK$16 -> 60.44 | BD42: ='T7-10'!AL$16 -> 201.25 | BE42: ='T7-10'!AM$16 -> 3.22 | BF42: ='T7-10'!AJ$15 -> 21 | BG42: ='T7-10'!AK$15 -> 60.66 | BH42: ='T7-10'!AL$15 -> 135.7 | BI42: ='T7-10'!AM$15 -> 2.85
A43: W9-12 2115 | B43: ='W9-12'!V$4 -> 10 | C43: ='W9-12'!W$4 -> 289 | D43: ='W9-12'!X$4 -> 628 | E43: ='W9-12'!Y$4 -> 6.28 | F43: ='W9-12'!V$5 -> 20 | G43: ='W9-12'!W$5 -> 239 | H43: ='W9-12'!X$5 -> 329 | I43: ='W9-12'!Y$5 -> 6.57 | J43: ='W9-12'!V$10 -> 10 | K43: ='W9-12'!W$10 -> 231 | L43: ='W9-12'!X$10 -> 374 | M43: ='W9-12'!Y$10 -> 3.74 | N43: ='W9-12'!V$11 -> 19 | O43: ='W9-12'!W$11 -> 238 | P43: ='W9-12'!X$11 -> 278.9 | Q43: ='W9-12'!Y$11 -> 5.3 | R43: ='W9-12'!V$12 -> 30 | S43: ='W9-12'!W$12 -> 249 | T43: ='W9-12'!X$12 -> 276 | U43: ='W9-12'!Y$12 -> 8.27 | V43: ='W9-12'!Z$5 -> 7 | W43: ='W9-12'!AA$5 -> 38 | X43: ='W9-12'!AB$5 -> 29 | Y43: ='W9-12'!AC$5 -> 0.2 | Z43: ='W9-12'!Z$4 -> 15 | AA43: ='W9-12'!AA$4 -> 48 | AB43: ='W9-12'!AB$4 -> 77 | AC43: ='W9-12'!AC$4 -> 1.15 | AD43: ='W9-12'!V$16 -> 8 | AE43: ='W9-12'!W$16 -> 46.25 | AF43: ='W9-12'!X$16 -> 71.25 | AG43: ='W9-12'!Y$16 -> 0.57 | AH43: ='W9-12'!V$17 -> 18 | AI43: ='W9-12'!W$17 -> 60 | AJ43: ='W9-12'!X$17 -> 161 | AK43: ='W9-12'!Y$17 -> 2.9 | AL43: ='W9-12'!V$18 -> 26 | AM43: ='W9-12'!W$18 -> 53 | AN43: ='W9-12'!X$18 -> 125 | AO43: ='W9-12'!Y$18 -> 3.24 | AP43: ='W9-12'!Z$11 -> 8 | AQ43: ='W9-12'!AA$11 -> 67.38 | AR43: ='W9-12'!AB$11 -> 133.75 | AS43: ='W9-12'!AC$11 -> 1.07 | AT43: ='W9-12'!Z$10 -> 17 | AU43: ='W9-12'!AA$10 -> 41 | AV43: ='W9-12'!AB$10 -> 82 | AW43: ='W9-12'!AC$10 -> 1.39 | AX43: ='W9-12'!Z$17 -> 5 | AY43: ='W9-12'!AA$17 -> 53.2 | AZ43: ='W9-12'!AB$17 -> 126 | BA43: ='W9-12'!AC$17 -> 0.63 | BB43: ='W9-12'!Z$16 -> 13 | BC43: ='W9-12'!AA$16 -> 59.2 | BD43: ='W9-12'!AB$16 -> 103.8 | BE43: ='W9-12'!AC$16 -> 1.35 | BF43: ='W9-12'!Z$15 -> 21 | BG43: ='W9-12'!AA$15 -> 59.43 | BH43: ='W9-12'!AB$15 -> 126.19 | BI43: ='W9-12'!AC$15 -> 2.65
A44: W9-12 2123 | B44: ='W9-12'!AF$4 -> 10 | C44: ='W9-12'!AG$4 -> 257 | D44: ='W9-12'!AH$4 -> 582 | E44: ='W9-12'!AI$4 -> 5.82 | F44: ='W9-12'!AF$5 -> 20 | G44: ='W9-12'!AG$5 -> 202.25 | H44: ='W9-12'!AH$5 -> 384 | I44: ='W9-12'!AI$5 -> 7.68 | J44: ='W9-12'!AF$10 -> na | K44: ='W9-12'!AG$10 -> na | L44: ='W9-12'!AH$10 -> na | M44: ='W9-12'!AI$10 -> na | N44: ='W9-12'!AF$11 -> 16 | O44: ='W9-12'!AG$11 -> 231.4375 | P44: ='W9-12'!AH$11 -> 445.625 | Q44: ='W9-12'!AI$11 -> 7.13 | R44: ='W9-12'!AF$12 -> 27 | S44: ='W9-12'!AG$12 -> 200.22 | T44: ='W9-12'!AH$12 -> 361.851 | U44: ='W9-12'!AI$12 -> 9.77 | V44: ='W9-12'!AJ$5 -> 9 | W44: ='W9-12'!AK$5 -> 42.2222 | X44: ='W9-12'!AL$5 -> 55.5555 | Y44: ='W9-12'!AM$5 -> 0.5 | Z44: ='W9-12'!AJ$4 -> 13 | AA44: ='W9-12'!AK$4 -> 42.0769 | AB44: ='W9-12'!AL$4 -> 47.6923 | AC44: ='W9-12'!AM$4 -> 0.62 | AD44: ='W9-12'!AF$16 -> 7 | AE44: ='W9-12'!AG$16 -> 41.857142 | AF44: ='W9-12'!AH$16 -> 71.428571 | AG44: ='W9-12'!AI$16 -> 0.5 | AH44: ='W9-12'!AF$17 -> 14 | AI44: ='W9-12'!AG$17 -> 48.7857 | AJ44: ='W9-12'!AH$17 -> 86.42857 | AK44: ='W9-12'!AI$17 -> 1.21 | AL44: ='W9-12'!AF$18 -> 26 | AM44: ='W9-12'!AG$18 -> 43.38461 | AN44: ='W9-12'!AH$18 -> 76.153 | AO44: ='W9-12'!AI$18 -> 1.98 | AP44: ='W9-12'!AJ$11 -> 10 | AQ44: ='W9-12'!AK$11 -> 34.1 | AR44: ='W9-12'!AL$11 -> 62 | AS44: ='W9-12'!AM$11 -> 0.62 | AT44: ='W9-12'!AJ$10 -> na | AU44: ='W9-12'!AK$10 -> na | AV44: ='W9-12'!AL$10 -> na | AW44: ='W9-12'!AM$10 -> na | AX44: ='W9-12'!AJ$17 -> 10 | AY44: ='W9-12'!AK$17 -> 76.9 | AZ44: ='W9-12'!AL$17 -> 232 | BA44: ='W9-12'!AM$17 -> 2.32 | BB44: ='W9-12'!AJ$16 -> 16 | BC44: ='W9-12'!AK$16 -> 64.5 | BD44: ='W9-12'!AL$16 -> 217.5 | BE44: ='W9-12'!AM$16 -> 3.48 | BF44: ='W9-12'!AJ$15 -> 18 | BG44: ='W9-12'!AK$15 -> 64.44 | BH44: ='W9-12'!AL$15 -> 121.67 | BI44: ='W9-12'!AM$15 -> 2.19
A45: W2-5 2115 | B45: ='W2-5'!V$4 -> 10 | C45: ='W2-5'!W$4 -> 157 | D45: ='W2-5'!X$4 -> 227 | E45: ='W2-5'!Y$4 -> 2.27 | F45: ='W2-5'!V$5 -> 19 | G45: ='W2-5'!W$5 -> 145.2 | H45: ='W2-5'!X$5 -> 184.2 | I45: ='W2-5'!Y$5 -> 3.5 | J45: ='W2-5'!V$10 -> 10 | K45: ='W2-5'!W$10 -> 153.1 | L45: ='W2-5'!X$10 -> 114 | M45: ='W2-5'!Y$10 -> 1.14 | N45: ='W2-5'!V$11 -> 20 | O45: ='W2-5'!W$11 -> 154.82 | P45: ='W2-5'!X$11 -> 104 | Q45: ='W2-5'!Y$11 -> 2.08 | R45: ='W2-5'!V$12 -> 29 | S45: ='W2-5'!W$12 -> 151.93 | T45: ='W2-5'!X$12 -> 164.8 | U45: ='W2-5'!Y$12 -> 4.78 | V45: ='W2-5'!Z$5 -> 8 | W45: ='W2-5'!AA$5 -> 40.1 | X45: ='W2-5'!AB$5 -> 38.8 | Y45: ='W2-5'!AC$5 -> 0.31 | Z45: ='W2-5'!Z$4 -> 17 | AA45: ='W2-5'!AA$4 -> 27.9 | AB45: ='W2-5'!AB$4 -> 31.8 | AC45: ='W2-5'!AC$4 -> 0.54 | AD45: ='W2-5'!V$16 -> 7 | AE45: ='W2-5'!W$16 -> 34 | AF45: ='W2-5'!X$16 -> 21.43 | AG45: ='W2-5'!Y$16 -> 0.15 | AH45: ='W2-5'!V$17 -> 16 | AI45: ='W2-5'!W$17 -> 36.75 | AJ45: ='W2-5'!X$17 -> 31.25 | AK45: ='W2-5'!Y$17 -> 0.5 | AL45: ='W2-5'!V$18 -> 25 | AM45: ='W2-5'!W$18 -> 40.8 | AN45: ='W2-5'!X$18 -> 57.6 | AO45: ='W2-5'!Y$18 -> 1.44 | AP45: ='W2-5'!Z$11 -> 10 | AQ45: ='W2-5'!AA$11 -> 48.4 | AR45: ='W2-5'!AB$11 -> 46 | AS45: ='W2-5'!AC$11 -> 0.46 | AT45: ='W2-5'!Z$10 -> 13 | AU45: ='W2-5'!AA$10 -> 70.07 | AV45: ='W2-5'!AB$10 -> 90 | AW45: ='W2-5'!AC$10 -> 1.17 | AX45: ='W2-5'!Z$17 -> 8 | AY45: ='W2-5'!AA$17 -> 63 | AZ45: ='W2-5'!AB$17 -> 160 | BA45: ='W2-5'!AC$17 -> 1.28 | BB45: ='W2-5'!Z$16 -> 14 | BC45: ='W2-5'!AA$16 -> 74.5 | BD45: ='W2-5'!AB$16 -> 118.57 | BE45: ='W2-5'!AC$16 -> 1.66 | BF45: ='W2-5'!Z$15 -> 26 | BG45: ='W2-5'!AA$15 -> 54 | BH45: ='W2-5'!AB$15 -> 80.769 | BI45: ='W2-5'!AC$15 -> 2.1
A46: W2-5 2123 | B46: ='W2-5'!AF$4 -> 14 | C46: ='W2-5'!AG$4 -> 225.071 | D46: ='W2-5'!AH$4 -> 381.428 | E46: ='W2-5'!AI$4 -> 5.34 | F46: ='W2-5'!AF$5 -> 19 | G46: ='W2-5'!AG$5 -> 262.73 | H46: ='W2-5'!AH$5 -> 453.68 | I46: ='W2-5'!AI$5 -> 8.62 | J46: ='W2-5'!AF$10 -> 10 | K46: ='W2-5'!AG$10 -> 264.4 | L46: ='W2-5'!AH$10 -> 497 | M46: ='W2-5'!AI$10 -> 4.97 | N46: ='W2-5'!AF$11 -> 20 | O46: ='W2-5'!AG$11 -> 269.55 | P46: ='W2-5'!AH$11 -> 429 | Q46: ='W2-5'!AI$11 -> 8.58 | R46: ='W2-5'!AF$12 -> 30 | S46: ='W2-5'!AG$12 -> 260.63 | T46: ='W2-5'!AH$12 -> 353.33 | U46: ='W2-5'!AI$12 -> 10.6 | V46: ='W2-5'!AJ$5 -> 10 | W46: ='W2-5'!AK$5 -> 51 | X46: ='W2-5'!AL$5 -> 56 | Y46: ='W2-5'!AM$5 -> 0.56 | Z46: ='W2-5'!AJ$4 -> 21 | AA46: ='W2-5'!AK$4 -> 39.5238 | AB46: ='W2-5'!AL$4 -> 40.4672 | AC46: ='W2-5'!AM$4 -> 0.85 | AD46: ='W2-5'!AF$16 -> 7 | AE46: ='W2-5'!AG$16 -> 49.57 | AF46: ='W2-5'!AH$16 -> 82.85 | AG46: ='W2-5'!AI$16 -> 0.58 | AH46: ='W2-5'!AF$17 -> 16 | AI46: ='W2-5'!AG$17 -> 32.875 | AJ46: ='W2-5'!AH$17 -> 80.625 | AK46: ='W2-5'!AI$17 -> 1.29 | AL46: ='W2-5'!AF$18 -> 17 | AM46: ='W2-5'!AG$18 -> 40.18 | AN46: ='W2-5'!AH$18 -> 75.88 | AO46: ='W2-5'!AI$18 -> 1.29 | AP46: ='W2-5'!AJ$11 -> 11 | AQ46: ='W2-5'!AK$11 -> 56.09 | AR46: ='W2-5'!AL$11 -> 60.9 | AS46: ='W2-5'!AM$11 -> 0.67 | AT46: ='W2-5'!AJ$10 -> 20 | AU46: ='W2-5'!AK$10 -> 36.55 | AV46: ='W2-5'!AL$10 -> 61.5 | AW46: ='W2-5'!AM$10 -> 1.23 | AX46: ='W2-5'!AJ$17 -> 8 | AY46: ='W2-5'!AK$17 -> 33.375 | AZ46: ='W2-5'!AL$17 -> 127.5 | BA46: ='W2-5'!AM$17 -> 1.02 | BB46: ='W2-5'!AJ$16 -> 17 | BC46: ='W2-5'!AK$16 -> 53.12 | BD46: ='W2-5'!AL$16 -> 103.52 | BE46: ='W2-5'!AM$16 -> 1.76 | BF46: ='W2-5'!AJ$15 -> 16 | BG46: ='W2-5'!AK$15 -> 51.375 | BH46: ='W2-5'!AL$15 -> 146.875 | BI46: ='W2-5'!AM$15 -> 2.35
A47: W7-10 2115 | B47: ='W7-10'!V$4 -> 10 | C47: ='W7-10'!W$4 -> 259 | D47: ='W7-10'!X$4 -> 678 | E47: ='W7-10'!Y$4 -> 6.78 | F47: ='W7-10'!V$5 -> 20 | G47: ='W7-10'!W$5 -> 225.5 | H47: ='W7-10'!X$5 -> 394.5 | I47: ='W7-10'!Y$5 -> 7.89 | J47: ='W7-10'!V$10 -> 6 | K47: ='W7-10'!W$10 -> 61.833 | L47: ='W7-10'!X$10 -> 243.33333 | M47: ='W7-10'!Y$10 -> 1.46 | N47: ='W7-10'!V$11 -> 19 | O47: ='W7-10'!W$11 -> 225 | P47: ='W7-10'!X$11 -> 290 | Q47: ='W7-10'!Y$11 -> 5.51 | R47: ='W7-10'!V$12 -> 30 | S47: ='W7-10'!W$12 -> 221.3 | T47: ='W7-10'!X$12 -> 364.33333 | U47: ='W7-10'!Y$12 -> 10.93 | V47: ='W7-10'!Z$5 -> 6 | W47: ='W7-10'!AA$5 -> 39.5 | X47: ='W7-10'!AB$5 -> 40 | Y47: ='W7-10'!AC$5 -> 0.24 | Z47: ='W7-10'!Z$4 -> 17 | AA47: ='W7-10'!AA$4 -> 44.17 | AB47: ='W7-10'!AB$4 -> 70.588235 | AC47: ='W7-10'!AC$4 -> 1.2 | AD47: ='W7-10'!V$16 -> 9 | AE47: ='W7-10'!W$16 -> 44.44 | AF47: ='W7-10'!X$16 -> 73.333333 | AG47: ='W7-10'!Y$16 -> 0.66 | AH47: ='W7-10'!V$17 -> 14 | AI47: ='W7-10'!W$17 -> 43.64 | AJ47: ='W7-10'!X$17 -> 71.428571 | AK47: ='W7-10'!Y$17 -> 1 | AL47: ='W7-10'!V$18 -> 25 | AM47: ='W7-10'!W$18 -> 36.32 | AN47: ='W7-10'!X$18 -> 66.8 | AO47: ='W7-10'!Y$18 -> 1.67 | AP47: ='W7-10'!Z$11 -> 4 | AQ47: ='W7-10'!AA$11 -> 45 | AR47: ='W7-10'!AB$11 -> 92.5 | AS47: ='W7-10'!AC$11 -> 0.37 | AT47: ='W7-10'!Z$10 -> 11 | AU47: ='W7-10'!AA$10 -> 237 | AV47: ='W7-10'!AB$10 -> 412.72727 | AW47: ='W7-10'!AC$10 -> 4.54 | AX47: ='W7-10'!Z$17 -> 5 | AY47: ='W7-10'!AA$17 -> 98 | AZ47: ='W7-10'!AB$17 -> 314 | BA47: ='W7-10'!AC$17 -> 1.57 | BB47: ='W7-10'!Z$16 -> 10 | BC47: ='W7-10'!AA$16 -> 93.5 | BD47: ='W7-10'!AB$16 -> 223 | BE47: ='W7-10'!AC$16 -> 2.23 | BF47: ='W7-10'!Z$15 -> 7 | BG47: ='W7-10'!AA$15 -> 92 | BH47: ='W7-10'!AB$15 -> 388.57143 | BI47: ='W7-10'!AC$15 -> 2.72
A48: W7-10 2123 | B48: ='W7-10'!AF$4 -> 10 | C48: ='W7-10'!AG$4 -> 247.9 | D48: ='W7-10'!AH$4 -> 591 | E48: ='W7-10'!AI$4 -> 5.91 | F48: ='W7-10'!AF$5 -> 32 | G48: ='W7-10'!AG$5 -> 339 | H48: ='W7-10'!AH$5 -> 326 | I48: ='W7-10'!AI$5 -> 10.45 | J48: ='W7-10'!AF$10 -> 10 | K48: ='W7-10'!AG$10 -> 239 | L48: ='W7-10'!AH$10 -> 504 | M48: ='W7-10'!AI$10 -> 5.04 | N48: ='W7-10'!AF$11 -> 20 | O48: ='W7-10'!AG$11 -> 463.6 | P48: ='W7-10'!AH$11 -> 459 | Q48: ='W7-10'!AI$11 -> 9.18 | R48: ='W7-10'!AF$12 -> 30 | S48: ='W7-10'!AG$12 -> 182.6 | T48: ='W7-10'!AH$12 -> 407 | U48: ='W7-10'!AI$12 -> 12.21 | V48: ='W7-10'!AJ$5 -> 13 | W48: ='W7-10'!AK$5 -> 195.6 | X48: ='W7-10'!AL$5 -> 42.3 | Y48: ='W7-10'!AM$5 -> 0.55 | Z48: ='W7-10'!AJ$4 -> 20 | AA48: ='W7-10'!AK$4 -> 47.65 | AB48: ='W7-10'!AL$4 -> 64.5 | AC48: ='W7-10'!AM$4 -> 1.29 | AD48: ='W7-10'!AF$16 -> 5 | AE48: ='W7-10'!AG$16 -> 54.4 | AF48: ='W7-10'!AH$16 -> 102 | AG48: ='W7-10'!AI$16 -> 0.51 | AH48: ='W7-10'!AF$17 -> na | AI48: ='W7-10'!AG$17 -> na | AJ48: ='W7-10'!AH$17 -> na | AK48: ='W7-10'!AI$17 -> na | AL48: ='W7-10'!AF$18 -> 25 | AM48: ='W7-10'!AG$18 -> 70.4 | AN48: ='W7-10'!AH$18 -> 66 | AO48: ='W7-10'!AI$18 -> 1.65 | AP48: ='W7-10'!AJ$11 -> 8 | AQ48: ='W7-10'!AK$11 -> 39.375 | AR48: ='W7-10'!AL$11 -> 130 | AS48: ='W7-10'!AM$11 -> 1.04 | AT48: ='W7-10'!AJ$10 -> 9 | AU48: ='W7-10'!AK$10 -> 41.7 | AV48: ='W7-10'!AL$10 -> 91.1417 | AW48: ='W7-10'!AM$10 -> 0.82 | AX48: ='W7-10'!AJ$17 -> na | AY48: ='W7-10'!AK$17 -> na | AZ48: ='W7-10'!AL$17 -> na | BA48: ='W7-10'!AM$17 -> na | BB48: ='W7-10'!AJ$16 -> 12 | BC48: ='W7-10'!AK$16 -> 62.42 | BD48: ='W7-10'!AL$16 -> 165.8 | BE48: ='W7-10'!AM$16 -> 1.99 | BF48: ='W7-10'!AJ$15 -> 17 | BG48: ='W7-10'!AK$15 -> 100.3 | BH48: ='W7-10'!AL$15 -> 101 | BI48: ='W7-10'!AM$15 -> 1.72
A49: Th9-12 2115 | B49: ='Th9-12'!V$4 -> 9 | C49: ='Th9-12'!W$4 -> 313.9 | D49: ='Th9-12'!X$4 -> 510 | E49: ='Th9-12'!Y$4 -> 4.59 | F49: ='Th9-12'!V$5 -> 20 | G49: ='Th9-12'!W$5 -> 251.5 | H49: ='Th9-12'!X$5 -> 400 | I49: ='Th9-12'!Y$5 -> 8 | J49: ='Th9-12'!V$10 -> 10 | K49: ='Th9-12'!W$10 -> 324 | L49: ='Th9-12'!X$10 -> 575 | M49: ='Th9-12'!Y$10 -> 5.75 | N49: ='Th9-12'!V$11 -> 21 | O49: ='Th9-12'!W$11 -> 264.1 | P49: ='Th9-12'!X$11 -> 416.7 | Q49: ='Th9-12'!Y$11 -> 8.75 | R49: ='Th9-12'!V$12 -> 30 | S49: ='Th9-12'!W$12 -> 263.5 | T49: ='Th9-12'!X$12 -> 298 | U49: ='Th9-12'!Y$12 -> 8.95 | V49: ='Th9-12'!Z$5 -> 9 | W49: ='Th9-12'!AA$5 -> 34.6 | X49: ='Th9-12'!AB$5 -> 54.4 | Y49: ='Th9-12'!AC$5 -> 0.49 | Z49: ='Th9-12'!Z$4 -> 18 | AA49: ='Th9-12'!AA$4 -> 40.7 | AB49: ='Th9-12'!AB$4 -> 57.8 | AC49: ='Th9-12'!AC$4 -> 1.04 | AD49: ='Th9-12'!V$16 -> 8 | AE49: ='Th9-12'!W$16 -> 56.9 | AF49: ='Th9-12'!X$16 -> 40 | AG49: ='Th9-12'!Y$16 -> 0.32 | AH49: ='Th9-12'!V$17 -> 18 | AI49: ='Th9-12'!W$17 -> 44.8 | AJ49: ='Th9-12'!X$17 -> 85.6 | AK49: ='Th9-12'!Y$17 -> 1.54 | AL49: ='Th9-12'!V$18 -> 23 | AM49: ='Th9-12'!W$18 -> 44.5 | AN49: ='Th9-12'!X$18 -> 80.4 | AO49: ='Th9-12'!Y$18 -> 1.85 | AP49: ='Th9-12'!Z$11 -> 7 | AQ49: ='Th9-12'!AA$11 -> 73.4 | AR49: ='Th9-12'!AB$11 -> 180 | AS49: ='Th9-12'!AC$11 -> 1.26 | AT49: ='Th9-12'!Z$10 -> 7 | AU49: ='Th9-12'!AA$10 -> 60.7 | AV49: ='Th9-12'!AB$10 -> 138.6 | AW49: ='Th9-12'!AC$10 -> 0.97 | AX49: ='Th9-12'!Z$17 -> 9 | AY49: ='Th9-12'!AA$17 -> 78.1 | AZ49: ='Th9-12'!AB$17 -> 205.6 | BA49: ='Th9-12'!AC$17 -> 1.85 | BB49: ='Th9-12'!Z$16 -> 11 | BC49: ='Th9-12'!AA$16 -> 90.45 | BD49: ='Th9-12'!AB$16 -> 135.5 | BE49: ='Th9-12'!AC$16 -> 1.49 | BF49: ='Th9-12'!Z$15 -> 24 | BG49: ='Th9-12'!AA$15 -> 61.3 | BH49: ='Th9-12'!AB$15 -> 92.5 | BI49: ='Th9-12'!AC$15 -> 2.22
A50: Th9-12 2123 | B50: ='Th9-12'!AF$4 -> 10 | C50: ='Th9-12'!AG$4 -> 234 | D50: ='Th9-12'!AH$4 -> 481 | E50: ='Th9-12'!AI$4 -> 4.81 | F50: ='Th9-12'!AF$5 -> 19 | G50: ='Th9-12'!AG$5 -> 261 | H50: ='Th9-12'!AH$5 -> 468.42105 | I50: ='Th9-12'!AI$5 -> 8.9 | J50: ='Th9-12'!AF$10 -> 10 | K50: ='Th9-12'!AG$10 -> 216.7 | L50: ='Th9-12'!AH$10 -> 301 | M50: ='Th9-12'!AI$10 -> 3.01 | N50: ='Th9-12'!AF$11 -> 20 | O50: ='Th9-12'!AG$11 -> 261.2 | P50: ='Th9-12'!AH$11 -> 470.5 | Q50: ='Th9-12'!AI$11 -> 9.41 | R50: ='Th9-12'!AF$12 -> 29 | S50: ='Th9-12'!AG$12 -> 268 | T50: ='Th9-12'!AH$12 -> 415.172 | U50: ='Th9-12'!AI$12 -> 12.04 | V50: ='Th9-12'!AJ$5 -> 9 | W50: ='Th9-12'!AK$5 -> 41.666666 | X50: ='Th9-12'!AL$5 -> 66.66666 | Y50: ='Th9-12'!AM$5 -> 0.6 | Z50: ='Th9-12'!AJ$4 -> 15 | AA50: ='Th9-12'!AK$4 -> 42.6 | AB50: ='Th9-12'!AL$4 -> 60.666667 | AC50: ='Th9-12'!AM$4 -> 0.91 | AD50: ='Th9-12'!AF$16 -> 10 | AE50: ='Th9-12'!AG$16 -> 39.9 | AF50: ='Th9-12'!AH$16 -> 50 | AG50: ='Th9-12'!AI$16 -> 0.5 | AH50: ='Th9-12'!AF$17 -> 20 | AI50: ='Th9-12'!AG$17 -> 44.7 | AJ50: ='Th9-12'!AH$17 -> 56.5 | AK50: ='Th9-12'!AI$17 -> 1.13 | AL50: ='Th9-12'!AF$18 -> 22 | AM50: ='Th9-12'!AG$18 -> 42.045454 | AN50: ='Th9-12'!AH$18 -> 88.1818 | AO50: ='Th9-12'!AI$18 -> 1.94 | AP50: ='Th9-12'!AJ$11 -> 7 | AQ50: ='Th9-12'!AK$11 -> 46 | AR50: ='Th9-12'!AL$11 -> 92.85 | AS50: ='Th9-12'!AM$11 -> 0.65 | AT50: ='Th9-12'!AJ$10 -> 18 | AU50: ='Th9-12'!AK$10 -> 49.611111 | AV50: ='Th9-12'!AL$10 -> 60.555556 | AW50: ='Th9-12'!AM$10 -> 1.09 | AX50: ='Th9-12'!AJ$17 -> 8 | AY50: ='Th9-12'!AK$17 -> 75 | AZ50: ='Th9-12'!AL$17 -> 190 | BA50: ='Th9-12'!AM$17 -> 1.52 | BB50: ='Th9-12'!AJ$16 -> 14 | BC50: ='Th9-12'!AK$16 -> 75.642857 | BD50: ='Th9-12'!AL$16 -> 161.42857 | BE50: ='Th9-12'!AM$16 -> 2.26 | BF50: ='Th9-12'!AJ$15 -> 26 | BG50: ='Th9-12'!AK$15 -> 54.423076 | BH50: ='Th9-12'!AL$15 -> 93.076923 | BI50: ='Th9-12'!AM$15 -> 2.42
A51: Th2-5 2115 | B51: ='Th2-5'!V$4 -> 10 | C51: ='Th2-5'!W$4 -> 308.5 | D51: ='Th2-5'!X$4 -> 760 | E51: ='Th2-5'!Y$4 -> 7.6 | F51: ='Th2-5'!V$5 -> 19 | G51: ='Th2-5'!W$5 -> 252.35 | H51: ='Th2-5'!X$5 -> 431.57 | I51: ='Th2-5'!Y$5 -> 8.2 | J51: ='Th2-5'!V$10 -> 8 | K51: ='Th2-5'!W$10 -> 305 | L51: ='Th2-5'!X$10 -> 656.25 | M51: ='Th2-5'!Y$10 -> 5.25 | N51: ='Th2-5'!V$11 -> 18 | O51: ='Th2-5'!W$11 -> 252.9 | P51: ='Th2-5'!X$11 -> 414.4 | Q51: ='Th2-5'!Y$11 -> 7.46 | R51: ='Th2-5'!V$12 -> 30 | S51: ='Th2-5'!W$12 -> 250.56 | T51: ='Th2-5'!X$12 -> 366 | U51: ='Th2-5'!Y$12 -> 10.98 | V51: ='Th2-5'!Z$5 -> 8 | W51: ='Th2-5'!AA$5 -> 48.25 | X51: ='Th2-5'!AB$5 -> 75 | Y51: ='Th2-5'!AC$5 -> 0.6 | Z51: ='Th2-5'!Z$4 -> 20 | AA51: ='Th2-5'!AA$4 -> 34.13 | AB51: ='Th2-5'!AB$4 -> 77.5 | AC51: ='Th2-5'!AC$4 -> 1.55 | AD51: ='Th2-5'!V$16 -> 4 | AE51: ='Th2-5'!W$16 -> 66.75 | AF51: ='Th2-5'!X$16 -> 120 | AG51: ='Th2-5'!Y$16 -> 0.48 | AH51: ='Th2-5'!V$17 -> 20 | AI51: ='Th2-5'!W$17 -> 54.45 | AJ51: ='Th2-5'!X$17 -> 137.5 | AK51: ='Th2-5'!Y$17 -> 2.75 | AL51: ='Th2-5'!V$18 -> 33 | AM51: ='Th2-5'!W$18 -> 58.9 | AN51: ='Th2-5'!X$18 -> 131 | AO51: ='Th2-5'!Y$18 -> 4.33 | AP51: ='Th2-5'!Z$11 -> 7 | AQ51: ='Th2-5'!AA$11 -> 40.29 | AR51: ='Th2-5'!AB$11 -> 52.86 | AS51: ='Th2-5'!AC$11 -> 0.37 | AT51: ='Th2-5'!Z$10 -> 11 | AU51: ='Th2-5'!AA$10 -> 55.36 | AV51: ='Th2-5'!AB$10 -> 168.18 | AW51: ='Th2-5'!AC$10 -> 1.85 | AX51: ='Th2-5'!Z$17 -> 10 | AY51: ='Th2-5'!AA$17 -> 88.4 | AZ51: ='Th2-5'!AB$17 -> 222 | BA51: ='Th2-5'!AC$17 -> 2.22 | BB51: ='Th2-5'!Z$16 -> 17 | BC51: ='Th2-5'!AA$16 -> 86.24 | BD51: ='Th2-5'!AB$16 -> 148.82 | BE51: ='Th2-5'!AC$16 -> 2.53 | BF51: ='Th2-5'!Z$15 -> 26 | BG51: ='Th2-5'!AA$15 -> 65.73 | BH51: ='Th2-5'!AB$15 -> 130.38 | BI51: ='Th2-5'!AC$15 -> 3.39
A52: Th2-5 2123 | B52: ='Th2-5'!AF$4 -> 9 | C52: ='Th2-5'!AG$4 -> 292 | D52: ='Th2-5'!AH$4 -> 658.8 | E52: ='Th2-5'!AI$4 -> 5.93 | F52: ='Th2-5'!AF$5 -> 20 | G52: ='Th2-5'!AG$5 -> 280.5 | H52: ='Th2-5'!AH$5 -> 498 | I52: ='Th2-5'!AI$5 -> 9.96 | J52: ='Th2-5'!AF$10 -> 10 | K52: ='Th2-5'!AG$10 -> 314.2 | L52: ='Th2-5'!AH$10 -> 564 | M52: ='Th2-5'!AI$10 -> 5.64 | N52: ='Th2-5'!AF$11 -> 20 | O52: ='Th2-5'!AG$11 -> 219.55 | P52: ='Th2-5'!AH$11 -> 341 | Q52: ='Th2-5'!AI$11 -> 6.82 | R52: ='Th2-5'!AF$12 -> 26 | S52: ='Th2-5'!AG$12 -> 269.96 | T52: ='Th2-5'!AH$12 -> 379.61 | U52: ='Th2-5'!AI$12 -> 9.87 | V52: ='Th2-5'!AJ$5 -> 6 | W52: ='Th2-5'!AK$5 -> 38.5 | X52: ='Th2-5'!AL$5 -> 50 | Y52: ='Th2-5'!AM$5 -> 0.3 | Z52: ='Th2-5'!AJ$4 -> 16 | AA52: ='Th2-5'!AK$4 -> 37.5 | AB52: ='Th2-5'!AL$4 -> 67.5 | AC52: ='Th2-5'!AM$4 -> 1.08 | AD52: ='Th2-5'!AF$16 -> 11 | AE52: ='Th2-5'!AG$16 -> 60.36 | AF52: ='Th2-5'!AH$16 -> 111.82 | AG52: ='Th2-5'!AI$16 -> 1.23 | AH52: ='Th2-5'!AF$17 -> 13 | AI52: ='Th2-5'!AG$17 -> 54.92 | AJ52: ='Th2-5'!AH$17 -> 80.769 | AK52: ='Th2-5'!AI$17 -> 1.05 | AL52: ='Th2-5'!AF$18 -> 30 | AM52: ='Th2-5'!AG$18 -> 55.37 | AN52: ='Th2-5'!AH$18 -> 159.3 | AO52: ='Th2-5'!AI$18 -> 4.78 | AP52: ='Th2-5'!AJ$11 -> 9 | AQ52: ='Th2-5'!AK$11 -> 47.11 | AR52: ='Th2-5'!AL$11 -> 90 | AS52: ='Th2-5'!AM$11 -> 0.81 | AT52: ='Th2-5'!AJ$10 -> 15 | AU52: ='Th2-5'!AK$10 -> 43.6 | AV52: ='Th2-5'!AL$10 -> 71.33 | AW52: ='Th2-5'!AM$10 -> 1.07 | AX52: ='Th2-5'!AJ$17 -> 8 | AY52: ='Th2-5'!AK$17 -> 62.125 | AZ52: ='Th2-5'!AL$17 -> 103.75 | BA52: ='Th2-5'!AM$17 -> 0.83 | BB52: ='Th2-5'!AJ$16 -> 13 | BC52: ='Th2-5'!AK$16 -> 61.85 | BD52: ='Th2-5'!AL$16 -> 140 | BE52: ='Th2-5'!AM$16 -> 1.82 | BF52: ='Th2-5'!AJ$15 -> 22 | BG52: ='Th2-5'!AK$15 -> 58.23 | BH52: ='Th2-5'!AL$15 -> 119.54 | BI52: ='Th2-5'!AM$15 -> 2.63
A53: Th7-10 2115 | B53: ='Th7-10'!V$4 -> 10 | C53: ='Th7-10'!W$4 -> 290.5 | D53: ='Th7-10'!X$4 -> 659 | E53: ='Th7-10'!Y$4 -> 6.59 | F53: ='Th7-10'!V$5 -> 20 | G53: ='Th7-10'!W$5 -> 263.8 | H53: ='Th7-10'!X$5 -> 414.5 | I53: ='Th7-10'!Y$5 -> 8.29 | J53: ='Th7-10'!V$10 -> 10 | K53: ='Th7-10'!W$10 -> 262.8 | L53: ='Th7-10'!X$10 -> 499 | M53: ='Th7-10'!Y$10 -> 4.99 | N53: ='Th7-10'!V$11 -> 20 | O53: ='Th7-10'!W$11 -> 234.35 | P53: ='Th7-10'!X$11 -> 402 | Q53: ='Th7-10'!Y$11 -> 8.04 | R53: ='Th7-10'!V$12 -> 30 | S53: ='Th7-10'!W$12 -> 271.3 | T53: ='Th7-10'!X$12 -> 347.33 | U53: ='Th7-10'!Y$12 -> 10.42 | V53: ='Th7-10'!Z$5 -> 9 | W53: ='Th7-10'!AA$5 -> 44 | X53: ='Th7-10'!AB$5 -> 32.22 | Y53: ='Th7-10'!AC$5 -> 0.29 | Z53: ='Th7-10'!Z$4 -> 20 | AA53: ='Th7-10'!AA$4 -> 49 | AB53: ='Th7-10'!AB$4 -> 64.5 | AC53: ='Th7-10'!AC$4 -> 1.29 | AD53: ='Th7-10'!V$16 -> 7 | AE53: ='Th7-10'!W$16 -> 33.57 | AF53: ='Th7-10'!X$16 -> 81.43 | AG53: ='Th7-10'!Y$16 -> 0.57 | AH53: ='Th7-10'!V$17 -> 17 | AI53: ='Th7-10'!W$17 -> 60.35 | AJ53: ='Th7-10'!X$17 -> 83.52 | AK53: ='Th7-10'!Y$17 -> 1.42 | AL53: ='Th7-10'!V$18 -> 25 | AM53: ='Th7-10'!W$18 -> 52.28 | AN53: ='Th7-10'!X$18 -> 98.4 | AO53: ='Th7-10'!Y$18 -> 2.46 | AP53: ='Th7-10'!Z$11 -> 8 | AQ53: ='Th7-10'!AA$11 -> 47 | AR53: ='Th7-10'!AB$11 -> 10 | AS53: ='Th7-10'!AC$11 -> 0.08 | AT53: ='Th7-10'!Z$10 -> 10 | AU53: ='Th7-10'!AA$10 -> 69.8 | AV53: ='Th7-10'!AB$10 -> 187.9 | AW53: ='Th7-10'!AC$10 -> 1.879 | AX53: ='Th7-10'!Z$17 -> 5 | AY53: ='Th7-10'!AA$17 -> 79 | AZ53: ='Th7-10'!AB$17 -> 308 | BA53: ='Th7-10'!AC$17 -> 1.54 | BB53: ='Th7-10'!Z$16 -> 13 | BC53: ='Th7-10'!AA$16 -> 49.61 | BD53: ='Th7-10'!AB$16 -> 153.84 | BE53: ='Th7-10'!AC$16 -> 2 | BF53: ='Th7-10'!Z$15 -> 23 | BG53: ='Th7-10'!AA$15 -> 57.39 | BH53: ='Th7-10'!AB$15 -> 133.74 | BI53: ='Th7-10'!AC$15 -> 3.08
A54: Th7-10 2123 | B54: ='Th7-10'!AF$4 -> 10 | C54: ='Th7-10'!AG$4 -> 276.1 | D54: ='Th7-10'!AH$4 -> 485 | E54: ='Th7-10'!AI$4 -> 4.85 | F54: ='Th7-10'!AF$5 -> 20 | G54: ='Th7-10'!AG$5 -> 582.3 | H54: ='Th7-10'!AH$5 -> 479 | I54: ='Th7-10'!AI$5 -> 9.58 | J54: ='Th7-10'!AF$10 -> 9 | K54: ='Th7-10'!AG$10 -> 343 | L54: ='Th7-10'!AH$10 -> 636.6 | M54: ='Th7-10'!AI$10 -> 5.73 | N54: ='Th7-10'!AF$11 -> 18 | O54: ='Th7-10'!AG$11 -> 260.9 | P54: ='Th7-10'!AH$11 -> 521.11 | Q54: ='Th7-10'!AI$11 -> 9.38 | R54: ='Th7-10'!AF$12 -> 28 | S54: ='Th7-10'!AG$12 -> 343.16 | T54: ='Th7-10'!AH$12 -> 311 | U54: ='Th7-10'!AI$12 -> 8.71 | V54: ='Th7-10'!AJ$5 -> 7 | W54: ='Th7-10'!AK$5 -> 34.9 | X54: ='Th7-10'!AL$5 -> 42.8 | Y54: ='Th7-10'!AM$5 -> 0.3 | Z54: ='Th7-10'!AJ$4 -> 14 | AA54: ='Th7-10'!AK$4 -> 160.75 | AB54: ='Th7-10'!AL$4 -> 75.7 | AC54: ='Th7-10'!AM$4 -> 1.06 | AD54: ='Th7-10'!AF$16 -> 4 | AE54: ='Th7-10'!AG$16 -> 36.8 | AF54: ='Th7-10'!AH$16 -> 60 | AG54: ='Th7-10'!AI$16 -> 0.24 | AH54: ='Th7-10'!AF$17 -> 20 | AI54: ='Th7-10'!AG$17 -> 98 | AJ54: ='Th7-10'!AH$17 -> 101 | AK54: ='Th7-10'!AI$17 -> 2.02 | AL54: ='Th7-10'!AF$18 -> 28 | AM54: ='Th7-10'!AG$18 -> 99.8 | AN54: ='Th7-10'!AH$18 -> 111.1 | AO54: ='Th7-10'!AI$18 -> 3.11 | AP54: ='Th7-10'!AJ$11 -> 4 | AQ54: ='Th7-10'!AK$11 -> 65 | AR54: ='Th7-10'!AL$11 -> 147.5 | AS54: ='Th7-10'!AM$11 -> 0.59 | AT54: ='Th7-10'!AJ$10 -> 6 | AU54: ='Th7-10'!AK$10 -> 52.5 | AV54: ='Th7-10'!AL$10 -> 110 | AW54: ='Th7-10'!AM$10 -> 0.66 | AX54: ='Th7-10'!AJ$17 -> 10 | AY54: ='Th7-10'!AK$17 -> 68.1 | AZ54: ='Th7-10'!AL$17 -> 160 | BA54: ='Th7-10'!AM$17 -> 1.6 | BB54: ='Th7-10'!AJ$16 -> 12 | BC54: ='Th7-10'!AK$16 -> 364 | BD54: ='Th7-10'!AL$16 -> 139.1 | BE54: ='Th7-10'!AM$16 -> 1.67 | BF54: ='Th7-10'!AJ$15 -> 15 | BG54: ='Th7-10'!AK$15 -> 176 | BH54: ='Th7-10'!AL$15 -> 116 | BI54: ='Th7-10'!AM$15 -> 1.74
A56: replicates | B56: =COUNT(B33:B54) -> 22 | C56: =COUNT(C33:C54) -> 22 | D56: =COUNT(D33:D54) -> 22 | E56: =COUNT(E33:E54) -> 22 | F56: =COUNT(F33:F54) -> 22 | G56: =COUNT(G33:G54) -> 22 | H56: =COUNT(H33:H54) -> 22 | I56: =COUNT(I33:I54) -> 22 | ... BI56: =COUNT(BI33:BI54) -> 22
A57: mean | B57: =AVERAGE(B33:B54) -> 10.318182 | C57: =AVERAGE(C33:C54) -> 254.65777 | D57: =AVERAGE(D33:D54) -> 550.6285 | E57: =AVERAGE(E33:E54) -> 5.5781818 | F57: =AVERAGE(F33:F54) -> 20 | G57: =AVERAGE(G33:G54) -> 256.98727 | H57: =AVERAGE(H33:H54) -> 421.01005 | I57: =AVERAGE(I33:I54) -> 8.3631818 | ... BI57: =AVERAGE(BI33:BI54) -> 2.6420955
A58: variance | B58: =_xlfn.VAR.P(B33:B54) -> 3.7623967 | C58: =_xlfn.VAR.P(C33:C54) -> 1224.1176 | D58: =_xlfn.VAR.P(D33:D54) -> 17714.665 | E58: =_xlfn.VAR.P(E33:E54) -> 1.4864421 | F58: =_xlfn.VAR.P(F33:F54) -> 7.4545455 | G58: =_xlfn.VAR.P(G33:G54) -> 6201.7049 | H58: =_xlfn.VAR.P(H33:H54) -> 5041.2782 | I58: =_xlfn.VAR.P(I33:I54) -> 1.9806399 | ... BI58: =_xlfn.VAR.P(BI33:BI54) -> 2.7931378
A59: std dev | B59: =_xlfn.STDEV.P(B33:B54) -> 1.9396898 | C59: =_xlfn.STDEV.P(C33:C54) -> 34.987391 | D59: =_xlfn.STDEV.P(D33:D54) -> 133.09645 | E59: =_xlfn.STDEV.P(E33:E54) -> 1.2191973 | F59: =_xlfn.STDEV.P(F33:F54) -> 2.7303013 | G59: =_xlfn.STDEV.P(G33:G54) -> 78.750904 | H59: =_xlfn.STDEV.P(H33:H54) -> 71.001959 | I59: =_xlfn.STDEV.P(I33:I54) -> 1.4073521 | ... BI59: =_xlfn.STDEV.P(BI33:BI54) -> 1.6712683
A62: no fert vs. fert | B62: n | C62: avg L | D62: avg W | E62: tot W | F62: n | G62: avg L | H62: avg W | I62: tot W | J62: n | K62: avg L | L62: avg W | M62: tot W | N62: n | O62: avg L | P62: avg W | Q62: tot W | R62: n | S62: avg L | T62: avg W | U62: tot W | V62: n | W62: avg L | X62: avg W | Y62: tot W | Z62: n | AA62: avg L | AB62: avg W | AC62: tot W | AD62: n | AE62: avg L | AF62: avg W | AG62: tot W | AH62: n | AI62: avg L | AJ62: avg W | AK62: tot W | AL62: n | AM62: avg L | AN62: avg W | AO62: tot W | AP62: n | AQ62: avg L | AR62: avg W | AS62: tot W | AT62: n | AU62: avg L | AV62: avg W | AW62: tot W | AX62: n | AY62: avg L | AZ62: avg W | BA62: tot W | BB62: n | BC62: avg L | BD62: avg W | BE62: tot W | BF62: n | BG62: avg L | BH62: avg W | BI62: tot W
A63: df | B63: =B26+B56-2 -> 40 | C63: =C26+C56-2 -> 40 | D63: =D26+D56-2 -> 40 | E63: =E26+E56-2 -> 40 | F63: =F26+F56-2 -> 40 | G63: =G26+G56-2 -> 40 | H63: =H26+H56-2 -> 40 | I63: =I26+I56-2 -> 40 | ... BI63: =BI26+BI56-2 -> 40
A64: t | B64: =ABS(B27-B57)/SQRT(B28/B26+B58/B56) -> 0.88892838 | C64: =ABS(C27-C57)/SQRT(C28/C26+C58/C56) -> 7.6511886 | D64: =ABS(D27-D57)/SQRT(D28/D26+D58/D56) -> 6.2107866 | E64: =ABS(E27-E57)/SQRT(E28/E26+E58/E56) -> 5.9419089 | F64: =ABS(F27-F57)/SQRT(F28/F26+F58/F56) -> 0.61409582 | G64: =ABS(G27-G57)/SQRT(G28/G26+G58/G56) -> 4.8067269 | H64: =ABS(H27-H57)/SQRT(H28/H26+H58/H56) -> 4.7709064 | I64: =ABS(I27-I57)/SQRT(I28/I26+I58/I56) -> 4.5187617 | ... BI64: =ABS(BI27-BI57)/SQRT(BI28/BI26+BI58/BI56) -> 0.74414044
A65: p | B65: =TDIST(B64,B63,2) -> 0.37935638 | C65: =TDIST(C64,C63,2) -> 2.3623889e-09 | D65: =TDIST(D64,D63,2) -> 2.3887377e-07 | E65: =TDIST(E64,E63,2) -> 5.704478e-07 | F65: =TDIST(F64,F63,2) -> 0.54262916 | G65: =TDIST(G64,G63,2) -> 2.1874492e-05 | H65: =TDIST(H64,H63,2) -> 2.4497712e-05 | I65: =TDIST(I64,I63,2) -> 5.4084896e-05 | ... BI65: =TDIST(BI64,BI63,2) -> 0.46114087

Sheet oat tomato
C1: LENGTH | G1: WEIGHT | K1: YIELD
B2: pot | C2: oats | D2: tomato | F2: pot | G2: oats | H2: tomato | J2: plants | K2: oats | L2: tom
B3: 30O | C3: ='all sect'!S27 -> 165.85332 | F3: 30O | G3: ='all sect'!T27 -> 215.35653 | J3: 0 | K3: 0 | L3: 0
B4: 20O/10T | C4: ='all sect'!G27 -> 168.39795 | D4: ='all sect'!W27 -> 34.8467 | F4: 20O/10T | G4: ='all sect'!H27 -> 221.24675 | H4: ='all sect'!X27 -> 42.72975 | J4: 10 | K4: ='all sect'!E27 -> 2.3645 | L4: ='all sect'!Y27 -> 0.356745
B5: 10O/20T | C5: ='all sect'!C27 -> 171.5185 | D5: ='all sect'!AA27 -> 36.02645 | F5: 10O/20T | G5: ='all sect'!D27 -> 235.8785 | H5: ='all sect'!AB27 -> 53.27135 | J5: 20 | K5: ='all sect'!I27 -> 4.5317 | L5: ='all sect'!AC27 -> 0.814
B6: 30T | D6: ='all sect'!AM27 -> 38.636821 | F6: 30T | H6: ='all sect'!AN27 -> 94.566884 | J6: 30 | K6: ='all sect'!U27 -> 6.5642105 | L6: ='all sect'!AO27 -> 2.4242105
B27: pot | C27: oats | D27: tomato | F27: pot | G27: oats | H27: tomato | J27: plants | K27: oats | L27: tom
B28: 30O | C28: ='all sect'!S57 -> 240.55545 | F28: 30O | G28: ='all sect'!T57 -> 351.98438 | J28: 0 | K28: 0 | L28: 0
B29: 20O/10T | C29: ='all sect'!G57 -> 256.98727 | D29: ='all sect'!W57 -> 50.430176 | F29: 20O/10T | G29: ='all sect'!H57 -> 421.01005 | H29: ='all sect'!X57 -> 53.881462 | J29: 10 | K29: ='all sect'!E57 -> 5.5781818 | L29: ='all sect'!Y57 -> 0.42772727
B30: 10O/20T | C30: ='all sect'!C57 -> 254.65777 | D30: ='all sect'!AA57 -> 50.014123 | F30: 10O/20T | G30: ='all sect'!D57 -> 550.6285 | H30: ='all sect'!AB57 -> 65.494746 | J30: 20 | K30: ='all sect'!I57 -> 8.3631818 | L30: ='all sect'!AC57 -> 1.08
B31: 30T | D31: ='all sect'!AM57 -> 54.713276 | F31: 30T | H31: ='all sect'!AN57 -> 99.464264 | J31: 30 | K31: ='all sect'!U57 -> 10.334091 | L31: ='all sect'!AO57 -> 2.4613636

Sheet oat alfalfa
C1: LENGTH | G1: WEIGHT | K1: YIELD
B2: pot | C2: oats | D2: alfalfa | F2: pot | G2: oats | H2: alfalfa | J2: plants | K2: oats | L2: alfalfa
B3: 30O | C3: ='all sect'!S27 -> 165.85332 | F3: 30O | G3: ='all sect'!T27 -> 215.35653 | J3: 0 | K3: 0 | L3: 0
B4: 20O/10A | C4: ='all sect'!O27 -> 168.66155 | D4: ='all sect'!AQ27 -> 52.5571 | F4: 20O/10A | G4: ='all sect'!P27 -> 229.5013 | H4: ='all sect'!AR27 -> 121.78035 | J4: 10 | K4: ='all sect'!M27 -> 2.2738889 | L4: ='all sect'!AS27 -> 0.87669
B5: 10O/20A | C5: ='all sect'!K27 -> 173.32 | D5: ='all sect'!AU27 -> 49.784556 | F5: 10O/20A | G5: ='all sect'!L27 -> 224.63033 | H5: ='all sect'!AV27 -> 132.93261 | J5: 20 | K5: ='all sect'!Q27 -> 4.485435 | L5: ='all sect'!AW27 -> 2.0061111
B6: 30A | D6: ='all sect'!BG27 -> 48.5255 | F6: 30A | H6: ='all sect'!BH27 -> 132.97575 | J6: 30 | K6: ='all sect'!U27 -> 6.5642105 | L6: ='all sect'!BI27 -> 2.988
B27: pot | C27: oats | D27: alfalfa | F27: pot | G27: oats | H27: alfalfa | J27: plants | K27: oats | L27: alfalfa
B28: 30O | C28: ='all sect'!S57 -> 240.55545 | F28: 30O | G28: ='all sect'!T57 -> 351.98438 | J28: 0 | K28: 0 | L28: 0
B29: 20O/10A | C29: ='all sect'!O57 -> 245.76307 | D29: ='all sect'!AQ57 -> 49.432045 | F29: 20O/10A | G29: ='all sect'!P57 -> 386.81127 | H29: ='all sect'!AR57 -> 93.359091 | J29: 10 | K29: ='all sect'!M57 -> 4.81 | L29: ='all sect'!AS57 -> 0.70418182
B30: 10O/20A | C30: ='all sect'!K57 -> 248.99252 | D30: ='all sect'!AU57 -> 62.495053 | F30: 10O/20A | G30: ='all sect'!L57 -> 500.34349 | H30: ='all sect'!AV57 -> 129.02355 | J30: 20 | K30: ='all sect'!Q57 -> 7.5031818 | L30: ='all sect'!AW57 -> 1.5319048
B31: 30A | D31: ='all sect'!BG57 -> 72.842185 | F31: 30A | H31: ='all sect'!BH57 -> 163.17783 | J31: 30 | K31: ='all sect'!U57 -> 10.334091 | L31: ='all sect'!BI57 -> 2.6420955

Sheet tomato alfalfa
C1: LENGTH | G1: WEIGHT | K1: YIELD
B2: pot | C2: tomatoes | D2: alfalfa | F2: pot | G2: tomatoes | H2: alfalfa | J2: plants | K2: tomatoes | L2: alfalfa
B3: 30T | C3: ='all sect'!AM27 -> 38.636821 | F3: 30T | G3: ='all sect'!AN27 -> 94.566884 | J3: 0 | K3: 0 | L3: 0
B4: 20T/10A | C4: ='all sect'!AI27 -> 41.0181 | D4: ='all sect'!AY27 -> 57.633575 | F4: 20T/10A | G4: ='all sect'!AJ27 -> 104.2995 | H4: ='all sect'!AZ27 -> 159.3363 | J4: 10 | K4: ='all sect'!AG27 -> 0.97336842 | L4: ='all sect'!BA27 -> 1.148035
B5: 10T/20A | C5: ='all sect'!AE27 -> 39.091842 | D5: ='all sect'!BC27 -> 52.77 | F5: 10T/20A | G5: ='all sect'!AF27 -> 113.39942 | H5: ='all sect'!BD27 -> 134.9695 | J5: 20 | K5: ='all sect'!AK27 -> 1.171375 | L5: ='all sect'!BE27 -> 1.9155
B6: 30A | D6: ='all sect'!BG27 -> 48.5255 | F6: 30A | H6: ='all sect'!BH27 -> 132.97575 | J6: 30 | K6: ='all sect'!AO27 -> 2.4242105 | L6: ='all sect'!BI27 -> 2.988
B27: pot | C27: tomatoes | D27: alfalfa | F27: pot | G27: tomatoes | H27: alfalfa | J27: plants | K27: tomatoes | L27: alfalfa
B28: 30T | C28: ='all sect'!AM57 -> 54.713276 | F28: 30T | G28: ='all sect'!AN57 -> 99.464264 | J28: 0 | K28: 0 | L28: 0
B29: 20T/10A | C29: ='all sect'!AI57 -> 52.018129 | D29: ='all sect'!AY57 -> 71.734286 | F29: 20T/10A | G29: ='all sect'!AJ57 -> 86.895292 | H29: ='all sect'!AZ57 -> 194.35238 | J29: 10 | K29: ='all sect'!AG57 -> 0.64681818 | L29: ='all sect'!BA57 -> 1.4738095
B30: 10T/20A | C30: ='all sect'!AE57 -> 49.625643 | D30: ='all sect'!BC57 -> 82.995584 | F30: 10T/20A | G30: ='all sect'!AF57 -> 88.088268 | H30: ='all sect'!BD57 -> 160.89448 | J30: 20 | K30: ='all sect'!AK57 -> 1.3766667 | L30: ='all sect'!BE57 -> 2.1462273
B31: 30A | D31: ='all sect'!BG57 -> 72.842185 | F31: 30A | H31: ='all sect'!BH57 -> 163.17783 | J31: 30 | K31: ='all sect'!AO57 -> 2.4613636 | L31: ='all sect'!BI57 -> 2.6420955
